UnixTimeMillis,SignalCount,SignalIndex,ConstellationType,Svid,CarrierFrequencyHz,Cn0DbHz,AzimuthDegrees,ElevationDegrees,UsedInFix,HasAlmanacData,HasEphemerisData,BasebandCn0DbHz
,58,0,1,2,1575420030,38.00,317.0,34.0,1,1,1,33.0
,58,1,1,3,1575420030,37.00,262.0,14.0,1,1,0,32.0
,58,2,1,8,1575420030,42.80,244.0,56.0,1,1,1,37.8
,58,3,1,10,1575420030,34.00,49.0,31.0,1,1,1,29.0
,58,4,1,21,1575420030,39.30,325.0,51.0,1,1,1,34.3
,58,5,1,27,1575420030,40.20,188.0,41.0,1,1,1,35.2
,58,6,1,28,1575420030,30.50,126.0,18.0,1,1,0,25.5
,58,7,1,32,1575420030,40.60,57.0,55.0,1,1,1,35.6
,58,8,3,6,1599750020,31.20,231.0,39.0,1,1,0,26.2
,58,9,3,5,1602562560,40.90,8.0,65.0,1,1,0,35.9
,58,10,3,20,1603124990,25.00,26.0,73.0,1,1,0,20.0
,58,11,3,19,1603687550,24.90,131.0,28.0,1,1,0,19.9
,58,12,3,21,1604249980,38.90,330.0,22.0,1,1,0,33.9
,58,13,3,4,1605374980,23.00,31.0,16.0,0,1,0,18.0
,58,14,5,60,1561097980,36.90,116.0,29.0,1,1,0,31.9
,58,15,5,44,1561097980,20.80,144.0,15.0,0,1,0,15.8
,58,16,5,43,1561097980,35.40,309.0,56.0,1,1,0,30.4
,58,17,5,42,1561097980,43.30,278.0,74.0,1,1,0,38.3
,58,18,5,39,1561097980,24.80,63.0,27.0,1,1,0,19.8
,58,19,5,34,1561097980,36.10,160.0,69.0,1,1,0,31.1
,58,20,5,33,1561097980,29.30,237.0,22.0,0,1,0,24.3
,58,21,5,21,1561097980,39.90,37.0,44.0,1,1,0,34.9
,58,22,5,16,1561097980,28.50,73.0,28.0,1,1,0,23.5
,58,23,5,14,1561097980,42.20,245.0,49.0,1,1,0,37.2
,58,24,5,13,1561097980,24.20,69.0,18.0,1,1,0,19.2
,58,25,5,12,1561097980,40.80,144.0,38.0,1,1,0,35.8
,58,26,5,11,1561097980,39.40,300.0,82.0,1,1,0,34.4
,58,27,5,9,1561097980,29.70,95.0,30.0,1,1,0,24.7
,58,28,5,5,1561097980,38.00,138.0,46.0,1,1,0,33.0
,58,29,5,2,1561097980,24.10,112.0,27.0,0,1,0,19.1
,58,30,6,4,1575420030,19.60,202.0,27.0,0,1,0,14.6
,58,31,6,10,1575420030,35.20,318.0,34.0,1,1,0,30.2
,58,32,6,12,1575420030,28.50,338.0,57.0,1,1,0,23.5
,58,33,6,19,1575420030,29.20,119.0,73.0,1,1,0,24.2
,58,34,6,24,1575420030,31.00,260.0,7.0,1,1,0,26.0
,58,35,6,33,1575420030,31.50,91.0,51.0,1,1,0,26.5
,58,36,1,3,1176450050,27.30,262.0,14.0,1,1,0,22.3
,58,37,1,8,1176450050,29.70,244.0,56.0,1,1,1,24.7
,58,38,1,10,1176450050,21.90,49.0,31.0,1,1,1,16.9
,58,39,1,27,1176450050,28.70,188.0,41.0,1,1,1,23.7
,58,40,1,28,1176450050,16.00,126.0,18.0,0,1,0,11.0
,58,41,1,32,1176450050,22.80,57.0,55.0,1,1,1,17.8
,58,42,6,10,1176450050,26.20,318.0,34.0,1,1,0,21.2
,58,43,6,12,1176450050,25.30,338.0,57.0,1,1,0,20.3
,58,44,6,24,1176450050,23.80,260.0,7.0,1,1,0,18.8
,58,45,6,33,1176450050,24.90,91.0,51.0,1,1,0,19.9
,58,46,5,21,1176450050,29.30,37.0,44.0,1,1,0,24.3
,58,47,5,33,1176450050,26.60,237.0,22.0,0,1,0,21.6
,58,48,5,34,1176450050,26.60,160.0,69.0,1,1,0,21.6
,58,49,5,39,1176450050,24.20,63.0,27.0,1,1,0,19.2
,58,50,5,42,1176450050,23.90,278.0,74.0,1,1,0,18.9
,58,51,5,43,1176450050,27.10,309.0,56.0,1,1,0,22.1
,58,52,5,21,1575420030,35.20,37.0,44.0,1,1,0,30.2
,58,53,5,33,1575420030,25.10,237.0,22.0,1,1,0,20.1
,58,54,5,34,1575420030,33.80,160.0,69.0,1,1,0,28.8
,58,55,5,39,1575420030,30.70,63.0,27.0,1,1,0,25.7
,58,56,5,42,1575420030,37.80,278.0,74.0,1,1,0,32.8
,58,57,5,43,1575420030,36.00,309.0,56.0,1,1,0,31.0
1713027079000,58,0,1,2,1575420030,40.20,317.0,34.0,1,1,1,35.2
1713027079000,58,1,1,3,1575420030,38.40,262.0,14.0,1,1,0,33.4
1713027079000,58,2,1,8,1575420030,44.80,244.0,56.0,1,1,1,39.8
1713027079000,58,3,1,10,1575420030,36.70,49.0,31.0,1,1,1,31.7
1713027079000,58,4,1,21,1575420030,41.70,325.0,51.0,1,1,1,36.7
1713027079000,58,5,1,27,1575420030,42.70,188.0,41.0,1,1,1,37.7
1713027079000,58,6,1,28,1575420030,32.80,126.0,18.0,1,1,0,27.8
1713027079000,58,7,1,32,1575420030,41.80,57.0,55.0,1,1,1,36.8
1713027079000,58,8,3,6,1599750020,32.80,231.0,39.0,1,1,0,27.8
1713027079000,58,9,3,5,1602562560,42.90,8.0,65.0,1,1,0,37.9
1713027079000,58,10,3,20,1603124990,26.80,26.0,73.0,1,1,0,21.8
1713027079000,58,11,3,19,1603687550,26.30,131.0,28.0,1,1,0,21.3
1713027079000,58,12,3,21,1604249980,40.50,330.0,22.0,1,1,0,35.5
1713027079000,58,13,3,4,1605374980,26.30,31.0,16.0,0,1,0,21.3
1713027079000,58,14,5,60,1561097980,38.90,116.0,29.0,1,1,0,33.9
1713027079000,58,15,5,44,1561097980,20.80,144.0,15.0,0,1,0,15.8
1713027079000,58,16,5,43,1561097980,37.70,309.0,56.0,1,1,0,32.7
1713027079000,58,17,5,42,1561097980,45.30,278.0,74.0,1,1,0,40.3
1713027079000,58,18,5,39,1561097980,27.20,63.0,27.0,1,1,0,22.2
1713027079000,58,19,5,34,1561097980,38.70,160.0,69.0,1,1,0,33.7
1713027079000,58,20,5,33,1561097980,31.10,237.0,22.0,0,1,0,26.1
1713027079000,58,21,5,21,1561097980,42.10,37.0,44.0,1,1,0,37.1
1713027079000,58,22,5,16,1561097980,31.20,73.0,28.0,1,1,0,26.2
1713027079000,58,23,5,14,1561097980,44.30,245.0,49.0,1,1,0,39.3
1713027079000,58,24,5,13,1561097980,25.70,69.0,18.0,1,1,0,20.7
1713027079000,58,25,5,12,1561097980,43.20,144.0,38.0,1,1,0,38.2
1713027079000,58,26,5,11,1561097980,41.80,300.0,82.0,1,1,0,36.8
1713027079000,58,27,5,9,1561097980,31.70,95.0,30.0,1,1,0,26.7
1713027079000,58,28,5,5,1561097980,40.00,138.0,46.0,1,1,0,35.0
1713027079000,58,29,5,2,1561097980,24.10,112.0,27.0,0,1,0,19.1
1713027079000,58,30,6,4,1575420030,19.60,202.0,27.0,0,1,0,14.6
1713027079000,58,31,6,10,1575420030,39.00,318.0,34.0,1,1,0,34.0
1713027079000,58,32,6,12,1575420030,32.90,338.0,57.0,1,1,0,27.9
1713027079000,58,33,6,19,1575420030,32.60,119.0,73.0,1,1,0,27.6
1713027079000,58,34,6,24,1575420030,34.70,260.0,7.0,1,1,0,29.7
1713027079000,58,35,6,33,1575420030,34.90,91.0,51.0,1,1,0,29.9
1713027079000,58,36,1,3,1176450050,31.70,262.0,14.0,1,1,0,26.7
1713027079000,58,37,1,8,1176450050,33.20,244.0,56.0,1,1,1,28.2
1713027079000,58,38,1,10,1176450050,21.90,49.0,31.0,1,1,1,16.9
1713027079000,58,39,1,27,1176450050,31.60,188.0,41.0,1,1,1,26.6
1713027079000,58,40,1,28,1176450050,16.00,126.0,18.0,0,1,0,11.0
1713027079000,58,41,1,32,1176450050,25.00,57.0,55.0,1,1,1,20.0
1713027079000,58,42,6,10,1176450050,29.20,318.0,34.0,1,1,0,24.2
1713027079000,58,43,6,12,1176450050,27.80,338.0,57.0,1,1,0,22.8
1713027079000,58,44,6,24,1176450050,27.10,260.0,7.0,1,1,0,22.1
1713027079000,58,45,6,33,1176450050,27.30,91.0,51.0,1,1,0,22.3
1713027079000,58,46,5,21,1176450050,31.50,37.0,44.0,1,1,0,26.5
1713027079000,58,47,5,33,1176450050,29.10,237.0,22.0,0,1,0,24.1
1713027079000,58,48,5,34,1176450050,28.60,160.0,69.0,1,1,0,23.6
1713027079000,58,49,5,39,1176450050,26.60,63.0,27.0,1,1,0,21.6
1713027079000,58,50,5,42,1176450050,28.10,278.0,74.0,1,1,0,23.1
1713027079000,58,51,5,43,1176450050,29.80,309.0,56.0,1,1,0,24.8
1713027079000,58,52,5,21,1575420030,37.50,37.0,44.0,1,1,0,32.5
1713027079000,58,53,5,33,1575420030,27.40,237.0,22.0,1,1,0,22.4
1713027079000,58,54,5,34,1575420030,37.10,160.0,69.0,1,1,0,32.1
1713027079000,58,55,5,39,1575420030,34.00,63.0,27.0,0,1,0,29.0
1713027079000,58,56,5,42,1575420030,42.00,278.0,74.0,1,1,0,37.0
1713027079000,58,57,5,43,1575420030,39.50,309.0,56.0,1,1,0,34.5
1713027080000,58,0,1,2,1575420030,38.00,317.0,34.0,1,1,1,33.0
1713027080000,58,1,1,3,1575420030,37.40,262.0,14.0,1,1,0,32.4
1713027080000,58,2,1,8,1575420030,43.00,244.0,56.0,1,1,1,38.0
1713027080000,58,3,1,10,1575420030,34.70,49.0,31.0,1,1,1,29.7
1713027080000,58,4,1,21,1575420030,39.70,325.0,51.0,1,1,1,34.7
1713027080000,58,5,1,27,1575420030,40.50,188.0,41.0,1,1,1,35.5
1713027080000,58,6,1,28,1575420030,31.20,126.0,18.0,1,1,0,26.2
1713027080000,58,7,1,32,1575420030,40.50,57.0,55.0,1,1,1,35.5
1713027080000,58,8,3,6,1599750020,31.10,231.0,39.0,1,1,0,26.1
1713027080000,58,9,3,5,1602562560,40.90,8.0,65.0,1,1,0,35.9
1713027080000,58,10,3,20,1603124990,24.60,26.0,73.0,1,1,0,19.6
1713027080000,58,11,3,19,1603687550,26.00,131.0,28.0,1,1,0,21.0
1713027080000,58,12,3,21,1604249980,38.80,330.0,22.0,1,1,0,33.8
1713027080000,58,13,3,4,1605374980,26.60,31.0,16.0,1,1,0,21.6
1713027080000,58,14,5,60,1561097980,37.40,116.0,29.0,1,1,0,32.4
1713027080000,58,15,5,44,1561097980,20.60,144.0,15.0,0,1,0,15.6
1713027080000,58,16,5,43,1561097980,35.70,309.0,56.0,1,1,0,30.7
1713027080000,58,17,5,42,1561097980,44.20,278.0,74.0,1,1,0,39.2
1713027080000,58,18,5,34,1561097980,37.20,160.0,69.0,1,1,0,32.2
1713027080000,58,19,5,33,1561097980,29.70,237.0,22.0,0,1,0,24.7
1713027080000,58,20,5,21,1561097980,40.20,37.0,44.0,1,1,0,35.2
1713027080000,58,21,5,16,1561097980,29.20,73.0,28.0,1,1,0,24.2
1713027080000,58,22,5,14,1561097980,42.30,245.0,49.0,1,1,0,37.3
1713027080000,58,23,5,13,1561097980,22.80,69.0,18.0,1,1,0,17.8
1713027080000,58,24,5,12,1561097980,41.50,144.0,38.0,1,1,0,36.5
1713027080000,58,25,5,11,1561097980,40.20,300.0,82.0,1,1,0,35.2
1713027080000,58,26,5,9,1561097980,29.60,95.0,30.0,1,1,0,24.6
1713027080000,58,27,5,6,1561097980,27.50,85.0,31.0,1,1,0,22.5
1713027080000,58,28,5,5,1561097980,38.20,138.0,46.0,1,1,0,33.2
1713027080000,58,29,5,2,1561097980,24.10,112.0,27.0,0,1,0,19.1
1713027080000,58,30,6,4,1575420030,19.60,202.0,27.0,0,1,0,14.6
1713027080000,58,31,6,10,1575420030,34.60,318.0,34.0,1,1,0,29.6
1713027080000,58,32,6,12,1575420030,29.70,338.0,57.0,1,1,0,24.7
1713027080000,58,33,6,19,1575420030,29.10,119.0,73.0,1,1,0,24.1
1713027080000,58,34,6,24,1575420030,30.90,260.0,7.0,1,1,0,25.9
1713027080000,58,35,6,33,1575420030,30.30,91.0,51.0,1,1,0,25.3
1713027080000,58,36,1,3,1176450050,26.90,262.0,14.0,1,1,0,21.9
1713027080000,58,37,1,8,1176450050,30.00,244.0,56.0,1,1,1,25.0
1713027080000,58,38,1,10,1176450050,21.90,49.0,31.0,1,1,1,16.9
1713027080000,58,39,1,27,1176450050,27.30,188.0,41.0,1,1,1,22.3
1713027080000,58,40,1,28,1176450050,17.10,126.0,18.0,0,1,0,12.1
1713027080000,58,41,1,32,1176450050,21.20,57.0,55.0,1,1,1,16.2
1713027080000,58,42,6,10,1176450050,25.70,318.0,34.0,1,1,0,20.7
1713027080000,58,43,6,12,1176450050,23.80,338.0,57.0,1,1,0,18.8
1713027080000,58,44,6,24,1176450050,23.00,260.0,7.0,1,1,0,18.0
1713027080000,58,45,6,33,1176450050,24.90,91.0,51.0,1,1,0,19.9
1713027080000,58,46,5,21,1176450050,29.40,37.0,44.0,1,1,0,24.4
1713027080000,58,47,5,33,1176450050,25.90,237.0,22.0,0,1,0,20.9
1713027080000,58,48,5,34,1176450050,26.60,160.0,69.0,1,1,0,21.6
1713027080000,58,49,5,39,1176450050,23.90,63.0,27.0,1,1,0,18.9
1713027080000,58,50,5,42,1176450050,24.20,278.0,74.0,1,1,0,19.2
1713027080000,58,51,5,43,1176450050,25.80,309.0,56.0,1,1,0,20.8
1713027080000,58,52,5,21,1575420030,33.20,37.0,44.0,1,1,0,28.2
1713027080000,58,53,5,33,1575420030,26.00,237.0,22.0,1,1,0,21.0
1713027080000,58,54,5,34,1575420030,33.40,160.0,69.0,1,1,0,28.4
1713027080000,58,55,5,39,1575420030,29.70,63.0,27.0,0,1,0,24.7
1713027080000,58,56,5,42,1575420030,38.50,278.0,74.0,1,1,0,33.5
1713027080000,58,57,5,43,1575420030,35.40,309.0,56.0,1,1,0,30.4
1713027081000,57,0,1,2,1575420030,40.20,317.0,34.0,1,1,1,35.2
1713027081000,57,1,1,3,1575420030,39.00,262.0,14.0,1,1,0,34.0
1713027081000,57,2,1,8,1575420030,44.50,244.0,56.0,1,1,1,39.5
1713027081000,57,3,1,10,1575420030,36.60,49.0,31.0,1,1,1,31.6
1713027081000,57,4,1,21,1575420030,41.20,325.0,51.0,1,1,1,36.2
1713027081000,57,5,1,27,1575420030,42.00,188.0,41.0,1,1,1,37.0
1713027081000,57,6,1,28,1575420030,34.10,126.0,18.0,1,1,0,29.1
1713027081000,57,7,1,32,1575420030,43.20,57.0,55.0,1,1,1,38.2
1713027081000,57,8,3,6,1599750020,33.20,231.0,39.0,1,1,0,28.2
1713027081000,57,9,3,5,1602562560,42.60,8.0,65.0,1,1,0,37.6
1713027081000,57,10,3,20,1603124990,25.10,26.0,73.0,1,1,0,20.1
1713027081000,57,11,3,19,1603687550,27.40,131.0,28.0,1,1,0,22.4
1713027081000,57,12,3,21,1604249980,40.30,330.0,22.0,1,1,0,35.3
1713027081000,57,13,3,4,1605374980,27.20,31.0,16.0,1,1,0,22.2
1713027081000,57,14,5,60,1561097980,38.50,116.0,29.0,1,1,0,33.5
1713027081000,57,15,5,43,1561097980,36.40,309.0,56.0,1,1,0,31.4
1713027081000,57,16,5,42,1561097980,46.40,278.0,74.0,1,1,0,41.4
1713027081000,57,17,5,34,1561097980,39.20,160.0,69.0,1,1,0,34.2
1713027081000,57,18,5,33,1561097980,30.40,237.0,22.0,0,1,0,25.4
1713027081000,57,19,5,21,1561097980,41.90,37.0,44.0,1,1,0,36.9
1713027081000,57,20,5,16,1561097980,31.70,73.0,28.0,1,1,0,26.7
1713027081000,57,21,5,14,1561097980,43.90,245.0,49.0,1,1,0,38.9
1713027081000,57,22,5,13,1561097980,24.70,69.0,18.0,1,1,0,19.7
1713027081000,57,23,5,12,1561097980,43.10,144.0,38.0,1,1,0,38.1
1713027081000,57,24,5,11,1561097980,42.60,300.0,82.0,1,1,0,37.6
1713027081000,57,25,5,9,1561097980,30.40,95.0,30.0,1,1,0,25.4
1713027081000,57,26,5,6,1561097980,29.50,85.0,31.0,1,1,0,24.5
1713027081000,57,27,5,5,1561097980,39.50,138.0,46.0,1,1,0,34.5
1713027081000,57,28,5,2,1561097980,24.10,112.0,27.0,0,1,0,19.1
1713027081000,57,29,6,4,1575420030,19.60,202.0,27.0,0,1,0,14.6
1713027081000,57,30,6,10,1575420030,39.10,318.0,34.0,1,1,0,34.1
1713027081000,57,31,6,12,1575420030,33.50,338.0,57.0,1,1,0,28.5
1713027081000,57,32,6,19,1575420030,32.30,119.0,73.0,1,1,0,27.3
1713027081000,57,33,6,24,1575420030,34.80,260.0,7.0,1,1,0,29.8
1713027081000,57,34,6,33,1575420030,33.30,91.0,51.0,1,1,0,28.3
1713027081000,57,35,1,3,1176450050,30.90,262.0,14.0,1,1,0,25.9
1713027081000,57,36,1,8,1176450050,33.70,244.0,56.0,1,1,1,28.7
1713027081000,57,37,1,10,1176450050,21.90,49.0,31.0,1,1,1,16.9
1713027081000,57,38,1,27,1176450050,31.50,188.0,41.0,1,1,1,26.5
1713027081000,57,39,1,28,1176450050,20.40,126.0,18.0,0,1,0,15.4
1713027081000,57,40,1,32,1176450050,23.30,57.0,55.0,1,1,1,18.3
1713027081000,57,41,6,10,1176450050,27.10,318.0,34.0,1,1,0,22.1
1713027081000,57,42,6,12,1176450050,29.30,338.0,57.0,1,1,0,24.3
1713027081000,57,43,6,24,1176450050,27.20,260.0,7.0,1,1,0,22.2
1713027081000,57,44,6,33,1176450050,27.90,91.0,51.0,1,1,0,22.9
1713027081000,57,45,5,21,1176450050,31.30,37.0,44.0,1,1,0,26.3
1713027081000,57,46,5,33,1176450050,28.60,237.0,22.0,0,1,0,23.6
1713027081000,57,47,5,34,1176450050,29.10,160.0,69.0,1,1,0,24.1
1713027081000,57,48,5,39,1176450050,26.30,63.0,27.0,1,1,0,21.3
1713027081000,57,49,5,42,1176450050,27.30,278.0,74.0,1,1,0,22.3
1713027081000,57,50,5,43,1176450050,29.70,309.0,56.0,1,1,0,24.7
1713027081000,57,51,5,21,1575420030,37.50,37.0,44.0,1,1,0,32.5
1713027081000,57,52,5,33,1575420030,29.40,237.0,22.0,1,1,0,24.4
1713027081000,57,53,5,34,1575420030,36.80,160.0,69.0,1,1,0,31.8
1713027081000,57,54,5,39,1575420030,32.20,63.0,27.0,0,1,0,27.2
1713027081000,57,55,5,42,1575420030,42.50,278.0,74.0,1,1,0,37.5
1713027081000,57,56,5,43,1575420030,37.80,309.0,56.0,1,1,0,32.8
1713027082000,57,0,1,2,1575420030,40.20,317.0,34.0,1,1,1,35.2
1713027082000,57,1,1,3,1575420030,39.20,262.0,14.0,1,1,0,34.2
1713027082000,57,2,1,8,1575420030,44.40,244.0,56.0,1,1,1,39.4
1713027082000,57,3,1,10,1575420030,36.10,49.0,31.0,1,1,1,31.1
1713027082000,57,4,1,21,1575420030,40.80,325.0,51.0,1,1,1,35.8
1713027082000,57,5,1,27,1575420030,41.80,188.0,41.0,1,1,1,36.8
1713027082000,57,6,1,28,1575420030,34.90,126.0,18.0,1,1,0,29.9
1713027082000,57,7,1,32,1575420030,42.50,57.0,55.0,1,1,1,37.5
1713027082000,57,8,3,6,1599750020,33.20,231.0,39.0,1,1,0,28.2
1713027082000,57,9,3,5,1602562560,43.10,8.0,65.0,1,1,0,38.1
1713027082000,57,10,3,20,1603124990,26.70,26.0,73.0,1,1,0,21.7
1713027082000,57,11,3,19,1603687550,27.80,131.0,28.0,1,1,0,22.8
1713027082000,57,12,3,21,1604249980,40.10,330.0,22.0,1,1,0,35.1
1713027082000,57,13,3,4,1605374980,27.30,31.0,16.0,1,1,0,22.3
1713027082000,57,14,5,60,1561097980,38.50,116.0,29.0,1,1,0,33.5
1713027082000,57,15,5,43,1561097980,36.60,309.0,56.0,1,1,0,31.6
1713027082000,57,16,5,42,1561097980,46.20,278.0,74.0,1,1,0,41.2
1713027082000,57,17,5,34,1561097980,39.60,160.0,69.0,1,1,0,34.6
1713027082000,57,18,5,33,1561097980,30.50,237.0,22.0,1,1,0,25.5
1713027082000,57,19,5,21,1561097980,41.80,37.0,44.0,1,1,0,36.8
1713027082000,57,20,5,16,1561097980,30.70,73.0,28.0,1,1,0,25.7
1713027082000,57,21,5,14,1561097980,44.40,245.0,49.0,1,1,0,39.4
1713027082000,57,22,5,13,1561097980,24.90,69.0,18.0,1,1,0,19.9
1713027082000,57,23,5,12,1561097980,43.20,144.0,38.0,1,1,0,38.2
1713027082000,57,24,5,11,1561097980,41.90,300.0,82.0,1,1,0,36.9
1713027082000,57,25,5,9,1561097980,31.00,95.0,30.0,1,1,0,26.0
1713027082000,57,26,5,6,1561097980,29.10,85.0,31.0,1,1,0,24.1
1713027082000,57,27,5,5,1561097980,39.50,138.0,46.0,1,1,0,34.5
1713027082000,57,28,5,2,1561097980,24.10,112.0,27.0,0,1,0,19.1
1713027082000,57,29,6,4,1575420030,19.60,202.0,27.0,0,1,0,14.6
1713027082000,57,30,6,10,1575420030,40.40,318.0,34.0,1,1,0,35.4
1713027082000,57,31,6,12,1575420030,32.80,338.0,57.0,1,1,0,27.8
1713027082000,57,32,6,19,1575420030,33.90,119.0,73.0,1,1,0,28.9
1713027082000,57,33,6,24,1575420030,36.50,260.0,7.0,1,1,0,31.5
1713027082000,57,34,6,33,1575420030,35.00,91.0,51.0,1,1,0,30.0
1713027082000,57,35,1,3,1176450050,31.50,262.0,14.0,1,1,0,26.5
1713027082000,57,36,1,8,1176450050,33.50,244.0,56.0,1,1,1,28.5
1713027082000,57,37,1,10,1176450050,16.40,49.0,31.0,0,1,1,11.4
1713027082000,57,38,1,27,1176450050,32.70,188.0,41.0,1,1,1,27.7
1713027082000,57,39,1,28,1176450050,20.40,126.0,18.0,0,1,0,15.4
1713027082000,57,40,1,32,1176450050,23.80,57.0,55.0,1,1,1,18.8
1713027082000,57,41,6,10,1176450050,27.70,318.0,34.0,1,1,0,22.7
1713027082000,57,42,6,12,1176450050,28.90,338.0,57.0,1,1,0,23.9
1713027082000,57,43,6,24,1176450050,27.40,260.0,7.0,1,1,0,22.4
1713027082000,57,44,6,33,1176450050,28.50,91.0,51.0,1,1,0,23.5
1713027082000,57,45,5,21,1176450050,32.30,37.0,44.0,1,1,0,27.3
1713027082000,57,46,5,33,1176450050,29.80,237.0,22.0,0,1,0,24.8
1713027082000,57,47,5,34,1176450050,29.20,160.0,69.0,1,1,0,24.2
1713027082000,57,48,5,39,1176450050,27.20,63.0,27.0,1,1,0,22.2
1713027082000,57,49,5,42,1176450050,29.20,278.0,74.0,1,1,0,24.2
1713027082000,57,50,5,43,1176450050,31.10,309.0,56.0,1,1,0,26.1
1713027082000,57,51,5,21,1575420030,39.10,37.0,44.0,1,1,0,34.1
1713027082000,57,52,5,33,1575420030,28.80,237.0,22.0,1,1,0,23.8
1713027082000,57,53,5,34,1575420030,37.30,160.0,69.0,1,1,0,32.3
1713027082000,57,54,5,39,1575420030,33.50,63.0,27.0,1,1,0,28.5
1713027082000,57,55,5,42,1575420030,43.20,278.0,74.0,1,1,0,38.2
1713027082000,57,56,5,43,1575420030,38.80,309.0,56.0,1,1,0,33.8
1713027083000,57,0,1,2,1575420030,40.30,317.0,34.0,1,1,1,35.3
1713027083000,57,1,1,3,1575420030,39.10,262.0,14.0,1,1,0,34.1
1713027083000,57,2,1,8,1575420030,44.40,244.0,56.0,1,1,1,39.4
1713027083000,57,3,1,10,1575420030,30.70,49.0,31.0,1,1,1,25.7
1713027083000,57,4,1,21,1575420030,40.80,325.0,51.0,1,1,1,35.8
1713027083000,57,5,1,27,1575420030,41.50,188.0,41.0,1,1,1,36.5
1713027083000,57,6,1,28,1575420030,32.60,126.0,18.0,1,1,0,27.6
1713027083000,57,7,1,32,1575420030,41.90,57.0,55.0,1,1,1,36.9
1713027083000,57,8,3,6,1599750020,32.90,231.0,39.0,1,1,0,27.9
1713027083000,57,9,3,5,1602562560,41.00,8.0,65.0,1,1,0,36.0
1713027083000,57,10,3,20,1603124990,26.40,26.0,73.0,1,1,0,21.4
1713027083000,57,11,3,19,1603687550,26.60,131.0,28.0,1,1,0,21.6
1713027083000,57,12,3,21,1604249980,39.40,330.0,22.0,1,1,0,34.4
1713027083000,57,13,3,4,1605374980,25.30,31.0,16.0,1,1,0,20.3
1713027083000,57,14,5,60,1561097980,37.80,116.0,29.0,1,1,0,32.8
1713027083000,57,15,5,43,1561097980,37.10,309.0,56.0,1,1,0,32.1
1713027083000,57,16,5,42,1561097980,45.10,278.0,74.0,1,1,0,40.1
1713027083000,57,17,5,39,1561097980,28.40,63.0,27.0,1,1,0,23.4
1713027083000,57,18,5,34,1561097980,37.30,160.0,69.0,1,1,0,32.3
1713027083000,57,19,5,33,1561097980,29.10,237.0,22.0,1,1,0,24.1
1713027083000,57,20,5,21,1561097980,39.70,37.0,44.0,1,1,0,34.7
1713027083000,57,21,5,16,1561097980,34.10,73.0,28.0,1,1,0,29.1
1713027083000,57,22,5,14,1561097980,43.70,245.0,49.0,1,1,0,38.7
1713027083000,57,23,5,13,1561097980,24.90,69.0,18.0,1,1,0,19.9
1713027083000,57,24,5,12,1561097980,42.00,144.0,38.0,1,1,0,37.0
1713027083000,57,25,5,11,1561097980,40.80,300.0,82.0,1,1,0,35.8
1713027083000,57,26,5,9,1561097980,29.20,95.0,30.0,1,1,0,24.2
1713027083000,57,27,5,5,1561097980,38.00,138.0,46.0,1,1,0,33.0
1713027083000,57,28,5,2,1561097980,22.20,112.0,27.0,0,1,0,17.2
1713027083000,57,29,6,4,1575420030,19.60,202.0,27.0,0,1,0,14.6
1713027083000,57,30,6,10,1575420030,38.60,318.0,34.0,1,1,0,33.6
1713027083000,57,31,6,12,1575420030,30.80,338.0,57.0,1,1,0,25.8
1713027083000,57,32,6,19,1575420030,33.10,119.0,73.0,1,1,0,28.1
1713027083000,57,33,6,24,1575420030,36.30,260.0,7.0,1,1,0,31.3
1713027083000,57,34,6,33,1575420030,31.40,91.0,51.0,1,1,0,26.4
1713027083000,57,35,1,3,1176450050,31.20,262.0,14.0,1,1,0,26.2
1713027083000,57,36,1,8,1176450050,33.60,244.0,56.0,1,1,1,28.6
1713027083000,57,37,1,10,1176450050,22.60,49.0,31.0,0,1,1,17.6
1713027083000,57,38,1,27,1176450050,31.30,188.0,41.0,1,1,1,26.3
1713027083000,57,39,1,28,1176450050,20.10,126.0,18.0,0,1,0,15.1
1713027083000,57,40,1,32,1176450050,24.40,57.0,55.0,1,1,1,19.4
1713027083000,57,41,6,10,1176450050,30.60,318.0,34.0,1,1,0,25.6
1713027083000,57,42,6,12,1176450050,29.20,338.0,57.0,1,1,0,24.2
1713027083000,57,43,6,24,1176450050,27.80,260.0,7.0,1,1,0,22.8
1713027083000,57,44,6,33,1176450050,26.70,91.0,51.0,1,1,0,21.7
1713027083000,57,45,5,21,1176450050,30.40,37.0,44.0,1,1,0,25.4
1713027083000,57,46,5,33,1176450050,29.20,237.0,22.0,0,1,0,24.2
1713027083000,57,47,5,34,1176450050,29.50,160.0,69.0,1,1,0,24.5
1713027083000,57,48,5,39,1176450050,27.20,63.0,27.0,1,1,0,22.2
1713027083000,57,49,5,42,1176450050,26.70,278.0,74.0,1,1,0,21.7
1713027083000,57,50,5,43,1176450050,31.00,309.0,56.0,1,1,0,26.0
1713027083000,57,51,5,21,1575420030,36.00,37.0,44.0,1,1,0,31.0
1713027083000,57,52,5,33,1575420030,28.10,237.0,22.0,1,1,0,23.1
1713027083000,57,53,5,34,1575420030,36.60,160.0,69.0,1,1,0,31.6
1713027083000,57,54,5,39,1575420030,32.10,63.0,27.0,1,1,0,27.1
1713027083000,57,55,5,42,1575420030,42.60,278.0,74.0,1,1,0,37.6
1713027083000,57,56,5,43,1575420030,38.70,309.0,56.0,1,1,0,33.7
1713027084000,56,0,1,2,1575420030,39.70,317.0,34.0,1,1,1,34.7
1713027084000,56,1,1,3,1575420030,38.80,262.0,14.0,1,1,0,33.8
1713027084000,56,2,1,8,1575420030,44.40,244.0,56.0,1,1,1,39.4
1713027084000,56,3,1,21,1575420030,40.90,325.0,51.0,1,1,1,35.9
1713027084000,56,4,1,27,1575420030,40.70,188.0,41.0,1,1,1,35.7
1713027084000,56,5,1,28,1575420030,32.70,126.0,18.0,1,1,0,27.7
1713027084000,56,6,1,32,1575420030,43.10,57.0,55.0,1,1,1,38.1
1713027084000,56,7,3,6,1599750020,33.10,231.0,39.0,1,1,0,28.1
1713027084000,56,8,3,5,1602562560,39.60,8.0,65.0,1,1,0,34.6
1713027084000,56,9,3,20,1603124990,26.40,26.0,73.0,1,1,0,21.4
1713027084000,56,10,3,19,1603687550,26.10,131.0,28.0,1,1,0,21.1
1713027084000,56,11,3,21,1604249980,38.60,330.0,22.0,1,1,0,33.6
1713027084000,56,12,3,4,1605374980,22.90,31.0,16.0,1,1,0,17.9
1713027084000,56,13,5,60,1561097980,36.40,116.0,29.0,1,1,0,31.4
1713027084000,56,14,5,43,1561097980,37.10,309.0,56.0,1,1,0,32.1
1713027084000,56,15,5,42,1561097980,44.70,278.0,74.0,1,1,0,39.7
1713027084000,56,16,5,39,1561097980,28.60,63.0,27.0,1,1,0,23.6
1713027084000,56,17,5,34,1561097980,37.10,160.0,69.0,1,1,0,32.1
1713027084000,56,18,5,33,1561097980,29.60,237.0,22.0,1,1,0,24.6
1713027084000,56,19,5,21,1561097980,40.00,37.0,44.0,1,1,0,35.0
1713027084000,56,20,5,16,1561097980,34.70,73.0,28.0,1,1,0,29.7
1713027084000,56,21,5,14,1561097980,43.80,245.0,49.0,1,1,0,38.8
1713027084000,56,22,5,13,1561097980,24.90,69.0,18.0,1,1,0,19.9
1713027084000,56,23,5,12,1561097980,40.50,144.0,38.0,1,1,0,35.5
1713027084000,56,24,5,11,1561097980,41.10,300.0,82.0,1,1,0,36.1
1713027084000,56,25,5,9,1561097980,25.90,95.0,30.0,1,1,0,20.9
1713027084000,56,26,5,5,1561097980,36.80,138.0,46.0,1,1,0,31.8
1713027084000,56,27,5,2,1561097980,22.20,112.0,27.0,0,1,0,17.2
1713027084000,56,28,6,4,1575420030,16.60,202.0,27.0,0,1,0,11.6
1713027084000,56,29,6,10,1575420030,38.30,318.0,34.0,1,1,0,33.3
1713027084000,56,30,6,12,1575420030,30.10,338.0,57.0,1,1,0,25.1
1713027084000,56,31,6,19,1575420030,31.80,119.0,73.0,1,1,0,26.8
1713027084000,56,32,6,24,1575420030,35.70,260.0,7.0,1,1,0,30.7
1713027084000,56,33,6,33,1575420030,26.00,91.0,51.0,1,1,0,21.0
1713027084000,56,34,1,3,1176450050,30.30,262.0,14.0,1,1,0,25.3
1713027084000,56,35,1,8,1176450050,33.90,244.0,56.0,1,1,1,28.9
1713027084000,56,36,1,10,1176450050,24.10,49.0,31.0,1,1,1,19.1
1713027084000,56,37,1,27,1176450050,30.30,188.0,41.0,1,1,1,25.3
1713027084000,56,38,1,28,1176450050,20.10,126.0,18.0,0,1,0,15.1
1713027084000,56,39,1,32,1176450050,23.80,57.0,55.0,1,1,1,18.8
1713027084000,56,40,6,10,1176450050,31.10,318.0,34.0,1,1,0,26.1
1713027084000,56,41,6,12,1176450050,29.10,338.0,57.0,1,1,0,24.1
1713027084000,56,42,6,24,1176450050,27.20,260.0,7.0,1,1,0,22.2
1713027084000,56,43,6,33,1176450050,25.10,91.0,51.0,1,1,0,20.1
1713027084000,56,44,5,21,1176450050,28.80,37.0,44.0,1,1,0,23.8
1713027084000,56,45,5,33,1176450050,29.30,237.0,22.0,0,1,0,24.3
1713027084000,56,46,5,34,1176450050,28.30,160.0,69.0,1,1,0,23.3
1713027084000,56,47,5,39,1176450050,26.80,63.0,27.0,1,1,0,21.8
1713027084000,56,48,5,42,1176450050,25.80,278.0,74.0,1,1,0,20.8
1713027084000,56,49,5,43,1176450050,31.20,309.0,56.0,1,1,0,26.2
1713027084000,56,50,5,21,1575420030,36.00,37.0,44.0,1,1,0,31.0
1713027084000,56,51,5,33,1575420030,28.00,237.0,22.0,1,1,0,23.0
1713027084000,56,52,5,34,1575420030,35.00,160.0,69.0,1,1,0,30.0
1713027084000,56,53,5,39,1575420030,29.90,63.0,27.0,1,1,0,24.9
1713027084000,56,54,5,42,1575420030,42.20,278.0,74.0,1,1,0,37.2
1713027084000,56,55,5,43,1575420030,38.20,309.0,56.0,1,1,0,33.2
1713027085000,56,0,1,2,1575420030,39.90,317.0,34.0,1,1,1,34.9
1713027085000,56,1,1,3,1575420030,38.90,262.0,14.0,1,1,0,33.9
1713027085000,56,2,1,8,1575420030,44.20,244.0,56.0,1,1,1,39.2
1713027085000,56,3,1,21,1575420030,41.00,325.0,51.0,1,1,1,36.0
1713027085000,56,4,1,27,1575420030,40.30,188.0,41.0,1,1,1,35.3
1713027085000,56,5,1,28,1575420030,32.20,126.0,18.0,1,1,0,27.2
1713027085000,56,6,1,32,1575420030,42.60,57.0,55.0,1,1,1,37.6
1713027085000,56,7,3,6,1599750020,32.90,231.0,39.0,1,1,0,27.9
1713027085000,56,8,3,5,1602562560,39.60,8.0,65.0,1,1,0,34.6
1713027085000,56,9,3,20,1603124990,23.60,26.0,73.0,1,1,0,18.6
1713027085000,56,10,3,19,1603687550,25.90,131.0,28.0,1,1,0,20.9
1713027085000,56,11,3,21,1604249980,38.10,330.0,22.0,1,1,0,33.1
1713027085000,56,12,3,4,1605374980,23.60,31.0,16.0,1,1,0,18.6
1713027085000,56,13,5,60,1561097980,36.50,116.0,29.0,1,1,0,31.5
1713027085000,56,14,5,43,1561097980,37.30,309.0,56.0,1,1,0,32.3
1713027085000,56,15,5,42,1561097980,44.50,278.0,74.0,1,1,0,39.5
1713027085000,56,16,5,39,1561097980,28.40,63.0,27.0,1,1,0,23.4
1713027085000,56,17,5,34,1561097980,37.20,160.0,69.0,1,1,0,32.2
1713027085000,56,18,5,33,1561097980,28.40,237.0,22.0,1,1,0,23.4
1713027085000,56,19,5,21,1561097980,40.10,37.0,44.0,1,1,0,35.1
1713027085000,56,20,5,16,1561097980,35.20,73.0,28.0,1,1,0,30.2
1713027085000,56,21,5,14,1561097980,43.50,245.0,49.0,1,1,0,38.5
1713027085000,56,22,5,13,1561097980,24.90,69.0,18.0,1,1,0,19.9
1713027085000,56,23,5,12,1561097980,40.20,144.0,38.0,1,1,0,35.2
1713027085000,56,24,5,11,1561097980,40.50,300.0,82.0,1,1,0,35.5
1713027085000,56,25,5,9,1561097980,24.00,95.0,30.0,1,1,0,19.0
1713027085000,56,26,5,5,1561097980,36.50,138.0,46.0,1,1,0,31.5
1713027085000,56,27,5,2,1561097980,22.20,112.0,27.0,0,1,0,17.2
1713027085000,56,28,6,4,1575420030,16.60,202.0,27.0,0,1,0,11.6
1713027085000,56,29,6,10,1575420030,38.70,318.0,34.0,1,1,0,33.7
1713027085000,56,30,6,12,1575420030,30.10,338.0,57.0,1,1,0,25.1
1713027085000,56,31,6,19,1575420030,31.80,119.0,73.0,1,1,0,26.8
1713027085000,56,32,6,24,1575420030,35.90,260.0,7.0,1,1,0,30.9
1713027085000,56,33,6,33,1575420030,26.90,91.0,51.0,1,1,0,21.9
1713027085000,56,34,1,3,1176450050,31.00,262.0,14.0,1,1,0,26.0
1713027085000,56,35,1,8,1176450050,33.90,244.0,56.0,1,1,1,28.9
1713027085000,56,36,1,10,1176450050,22.70,49.0,31.0,1,1,1,17.7
1713027085000,56,37,1,27,1176450050,30.60,188.0,41.0,1,1,1,25.6
1713027085000,56,38,1,28,1176450050,17.90,126.0,18.0,0,1,0,12.9
1713027085000,56,39,1,32,1176450050,24.30,57.0,55.0,1,1,1,19.3
1713027085000,56,40,6,10,1176450050,31.10,318.0,34.0,1,1,0,26.1
1713027085000,56,41,6,12,1176450050,29.20,338.0,57.0,1,1,0,24.2
1713027085000,56,42,6,24,1176450050,26.00,260.0,7.0,1,1,0,21.0
1713027085000,56,43,6,33,1176450050,23.90,91.0,51.0,1,1,0,18.9
1713027085000,56,44,5,21,1176450050,29.10,37.0,44.0,1,1,0,24.1
1713027085000,56,45,5,33,1176450050,29.70,237.0,22.0,0,1,0,24.7
1713027085000,56,46,5,34,1176450050,28.80,160.0,69.0,1,1,0,23.8
1713027085000,56,47,5,39,1176450050,27.10,63.0,27.0,1,1,0,22.1
1713027085000,56,48,5,42,1176450050,24.50,278.0,74.0,1,1,0,19.5
1713027085000,56,49,5,43,1176450050,31.00,309.0,56.0,1,1,0,26.0
1713027085000,56,50,5,21,1575420030,36.50,37.0,44.0,1,1,0,31.5
1713027085000,56,51,5,33,1575420030,28.40,237.0,22.0,1,1,0,23.4
1713027085000,56,52,5,34,1575420030,34.30,160.0,69.0,1,1,0,29.3
1713027085000,56,53,5,39,1575420030,29.40,63.0,27.0,1,1,0,24.4
1713027085000,56,54,5,42,1575420030,41.60,278.0,74.0,1,1,0,36.6
1713027085000,56,55,5,43,1575420030,38.70,309.0,56.0,1,1,0,33.7
1713027086000,56,0,1,2,1575420030,40.90,317.0,34.0,1,1,1,35.9
1713027086000,56,1,1,3,1575420030,39.70,262.0,14.0,1,1,0,34.7
1713027086000,56,2,1,8,1575420030,44.80,244.0,56.0,1,1,1,39.8
1713027086000,56,3,1,21,1575420030,41.80,325.0,51.0,1,1,1,36.8
1713027086000,56,4,1,27,1575420030,40.90,188.0,41.0,1,1,1,35.9
1713027086000,56,5,1,28,1575420030,32.70,126.0,18.0,1,1,0,27.7
1713027086000,56,6,1,32,1575420030,42.60,57.0,55.0,1,1,1,37.6
1713027086000,56,7,3,6,1599750020,33.40,231.0,39.0,1,1,0,28.4
1713027086000,56,8,3,5,1602562560,39.50,8.0,65.0,1,1,0,34.5
1713027086000,56,9,3,20,1603124990,26.30,26.0,73.0,1,1,0,21.3
1713027086000,56,10,3,19,1603687550,24.10,131.0,28.0,1,1,0,19.1
1713027086000,56,11,3,21,1604249980,38.80,330.0,22.0,1,1,0,33.8
1713027086000,56,12,3,4,1605374980,23.40,31.0,16.0,1,1,0,18.4
1713027086000,56,13,5,60,1561097980,37.40,116.0,29.0,1,1,0,32.4
1713027086000,56,14,5,43,1561097980,38.20,309.0,56.0,1,1,0,33.2
1713027086000,56,15,5,42,1561097980,44.90,278.0,74.0,1,1,0,39.9
1713027086000,56,16,5,39,1561097980,30.60,63.0,27.0,1,1,0,25.6
1713027086000,56,17,5,34,1561097980,37.20,160.0,69.0,1,1,0,32.2
1713027086000,56,18,5,33,1561097980,28.20,237.0,22.0,1,1,0,23.2
1713027086000,56,19,5,21,1561097980,41.20,37.0,44.0,1,1,0,36.2
1713027086000,56,20,5,16,1561097980,35.40,73.0,28.0,1,1,0,30.4
1713027086000,56,21,5,14,1561097980,43.90,245.0,49.0,1,1,0,38.9
1713027086000,56,22,5,13,1561097980,24.90,69.0,18.0,0,1,0,19.9
1713027086000,56,23,5,12,1561097980,40.80,144.0,38.0,1,1,0,35.8
1713027086000,56,24,5,11,1561097980,40.80,300.0,82.0,1,1,0,35.8
1713027086000,56,25,5,9,1561097980,28.90,95.0,30.0,1,1,0,23.9
1713027086000,56,26,5,5,1561097980,37.40,138.0,46.0,1,1,0,32.4
1713027086000,56,27,5,2,1561097980,22.20,112.0,27.0,0,1,0,17.2
1713027086000,56,28,6,4,1575420030,22.00,202.0,27.0,0,1,0,17.0
1713027086000,56,29,6,10,1575420030,38.90,318.0,34.0,1,1,0,33.9
1713027086000,56,30,6,12,1575420030,29.90,338.0,57.0,1,1,0,24.9
1713027086000,56,31,6,19,1575420030,32.60,119.0,73.0,1,1,0,27.6
1713027086000,56,32,6,24,1575420030,36.50,260.0,7.0,1,1,0,31.5
1713027086000,56,33,6,33,1575420030,28.60,91.0,51.0,1,1,0,23.6
1713027086000,56,34,1,3,1176450050,30.90,262.0,14.0,1,1,0,25.9
1713027086000,56,35,1,8,1176450050,34.00,244.0,56.0,1,1,1,29.0
1713027086000,56,36,1,10,1176450050,24.40,49.0,31.0,1,1,1,19.4
1713027086000,56,37,1,27,1176450050,30.90,188.0,41.0,1,1,1,25.9
1713027086000,56,38,1,28,1176450050,17.90,126.0,18.0,1,1,0,12.9
1713027086000,56,39,1,32,1176450050,26.00,57.0,55.0,1,1,1,21.0
1713027086000,56,40,6,10,1176450050,32.80,318.0,34.0,1,1,0,27.8
1713027086000,56,41,6,12,1176450050,30.60,338.0,57.0,1,1,0,25.6
1713027086000,56,42,6,24,1176450050,26.90,260.0,7.0,1,1,0,21.9
1713027086000,56,43,6,33,1176450050,24.10,91.0,51.0,1,1,0,19.1
1713027086000,56,44,5,21,1176450050,29.70,37.0,44.0,1,1,0,24.7
1713027086000,56,45,5,33,1176450050,30.20,237.0,22.0,0,1,0,25.2
1713027086000,56,46,5,34,1176450050,29.20,160.0,69.0,1,1,0,24.2
1713027086000,56,47,5,39,1176450050,27.40,63.0,27.0,1,1,0,22.4
1713027086000,56,48,5,42,1176450050,27.10,278.0,74.0,1,1,0,22.1
1713027086000,56,49,5,43,1176450050,31.70,309.0,56.0,1,1,0,26.7
1713027086000,56,50,5,21,1575420030,37.00,37.0,44.0,1,1,0,32.0
1713027086000,56,51,5,33,1575420030,28.10,237.0,22.0,1,1,0,23.1
1713027086000,56,52,5,34,1575420030,34.70,160.0,69.0,1,1,0,29.7
1713027086000,56,53,5,39,1575420030,30.80,63.0,27.0,1,1,0,25.8
1713027086000,56,54,5,42,1575420030,41.30,278.0,74.0,1,1,0,36.3
1713027086000,56,55,5,43,1575420030,40.20,309.0,56.0,1,1,0,35.2
1713027087000,56,0,1,2,1575420030,40.10,317.0,34.0,1,1,1,35.1
1713027087000,56,1,1,3,1575420030,39.70,262.0,14.0,1,1,0,34.7
1713027087000,56,2,1,8,1575420030,44.70,244.0,56.0,1,1,1,39.7
1713027087000,56,3,1,21,1575420030,41.40,325.0,51.0,1,1,1,36.4
1713027087000,56,4,1,27,1575420030,40.80,188.0,41.0,1,1,1,35.8
1713027087000,56,5,1,28,1575420030,32.00,126.0,18.0,1,1,0,27.0
1713027087000,56,6,1,32,1575420030,41.40,57.0,55.0,1,1,1,36.4
1713027087000,56,7,3,6,1599750020,33.70,231.0,39.0,1,1,0,28.7
1713027087000,56,8,3,5,1602562560,38.70,8.0,65.0,1,1,0,33.7
1713027087000,56,9,3,20,1603124990,25.00,26.0,73.0,1,1,0,20.0
1713027087000,56,10,3,19,1603687550,23.90,131.0,28.0,1,1,0,18.9
1713027087000,56,11,3,21,1604249980,38.90,330.0,22.0,1,1,0,33.9
1713027087000,56,12,3,4,1605374980,23.40,31.0,16.0,1,1,0,18.4
1713027087000,56,13,5,60,1561097980,37.40,116.0,29.0,1,1,0,32.4
1713027087000,56,14,5,43,1561097980,38.00,309.0,56.0,1,1,0,33.0
1713027087000,56,15,5,42,1561097980,44.40,278.0,74.0,1,1,0,39.4
1713027087000,56,16,5,39,1561097980,30.30,63.0,27.0,1,1,0,25.3
1713027087000,56,17,5,34,1561097980,37.40,160.0,69.0,1,1,0,32.4
1713027087000,56,18,5,33,1561097980,26.40,237.0,22.0,1,1,0,21.4
1713027087000,56,19,5,21,1561097980,41.60,37.0,44.0,1,1,0,36.6
1713027087000,56,20,5,16,1561097980,35.20,73.0,28.0,1,1,0,30.2
1713027087000,56,21,5,14,1561097980,43.80,245.0,49.0,1,1,0,38.8
1713027087000,56,22,5,13,1561097980,24.90,69.0,18.0,0,1,0,19.9
1713027087000,56,23,5,12,1561097980,40.80,144.0,38.0,1,1,0,35.8
1713027087000,56,24,5,11,1561097980,40.70,300.0,82.0,1,1,0,35.7
1713027087000,56,25,5,9,1561097980,28.60,95.0,30.0,1,1,0,23.6
1713027087000,56,26,5,5,1561097980,37.20,138.0,46.0,1,1,0,32.2
1713027087000,56,27,5,2,1561097980,22.20,112.0,27.0,0,1,0,17.2
1713027087000,56,28,6,4,1575420030,22.00,202.0,27.0,0,1,0,17.0
1713027087000,56,29,6,10,1575420030,36.30,318.0,34.0,1,1,0,31.3
1713027087000,56,30,6,12,1575420030,29.20,338.0,57.0,1,1,0,24.2
1713027087000,56,31,6,19,1575420030,31.30,119.0,73.0,1,1,0,26.3
1713027087000,56,32,6,24,1575420030,34.40,260.0,7.0,1,1,0,29.4
1713027087000,56,33,6,33,1575420030,26.90,91.0,51.0,1,1,0,21.9
1713027087000,56,34,1,3,1176450050,30.00,262.0,14.0,1,1,0,25.0
1713027087000,56,35,1,8,1176450050,32.30,244.0,56.0,1,1,1,27.3
1713027087000,56,36,1,10,1176450050,22.40,49.0,31.0,1,1,1,17.4
1713027087000,56,37,1,27,1176450050,29.60,188.0,41.0,1,1,1,24.6
1713027087000,56,38,1,28,1176450050,19.70,126.0,18.0,1,1,0,14.7
1713027087000,56,39,1,32,1176450050,25.50,57.0,55.0,1,1,1,20.5
1713027087000,56,40,6,10,1176450050,31.70,318.0,34.0,1,1,0,26.7
1713027087000,56,41,6,12,1176450050,28.30,338.0,57.0,1,1,0,23.3
1713027087000,56,42,6,24,1176450050,26.10,260.0,7.0,1,1,0,21.1
1713027087000,56,43,6,33,1176450050,23.70,91.0,51.0,1,1,0,18.7
1713027087000,56,44,5,21,1176450050,28.40,37.0,44.0,1,1,0,23.4
1713027087000,56,45,5,33,1176450050,28.90,237.0,22.0,0,1,0,23.9
1713027087000,56,46,5,34,1176450050,27.10,160.0,69.0,1,1,0,22.1
1713027087000,56,47,5,39,1176450050,25.80,63.0,27.0,1,1,0,20.8
1713027087000,56,48,5,42,1176450050,24.80,278.0,74.0,1,1,0,19.8
1713027087000,56,49,5,43,1176450050,29.80,309.0,56.0,1,1,0,24.8
1713027087000,56,50,5,21,1575420030,35.80,37.0,44.0,1,1,0,30.8
1713027087000,56,51,5,33,1575420030,26.60,237.0,22.0,1,1,0,21.6
1713027087000,56,52,5,34,1575420030,34.10,160.0,69.0,1,1,0,29.1
1713027087000,56,53,5,39,1575420030,30.10,63.0,27.0,1,1,0,25.1
1713027087000,56,54,5,42,1575420030,40.20,278.0,74.0,1,1,0,35.2
1713027087000,56,55,5,43,1575420030,39.50,309.0,56.0,1,1,0,34.5
1713027088000,57,0,1,2,1575420030,38.60,317.0,34.0,1,1,1,33.6
1713027088000,57,1,1,3,1575420030,37.60,262.0,14.0,1,1,0,32.6
1713027088000,57,2,1,8,1575420030,42.60,244.0,56.0,1,1,1,37.6
1713027088000,57,3,1,10,1575420030,29.00,49.0,31.0,1,1,1,24.0
1713027088000,57,4,1,21,1575420030,39.00,325.0,51.0,1,1,1,34.0
1713027088000,57,5,1,27,1575420030,39.00,188.0,41.0,1,1,1,34.0
1713027088000,57,6,1,28,1575420030,31.20,126.0,18.0,1,1,0,26.2
1713027088000,57,7,1,32,1575420030,39.70,57.0,55.0,1,1,1,34.7
1713027088000,57,8,3,6,1599750020,31.00,231.0,39.0,1,1,0,26.0
1713027088000,57,9,3,5,1602562560,38.60,8.0,65.0,1,1,0,33.6
1713027088000,57,10,3,20,1603124990,25.70,26.0,73.0,1,1,0,20.7
1713027088000,57,11,3,19,1603687550,22.10,131.0,28.0,1,1,0,17.1
1713027088000,57,12,3,21,1604249980,38.10,330.0,22.0,1,1,0,33.1
1713027088000,57,13,3,4,1605374980,21.90,31.0,16.0,1,1,0,16.9
1713027088000,57,14,5,60,1561097980,35.60,116.0,29.0,1,1,0,30.6
1713027088000,57,15,5,43,1561097980,35.90,309.0,56.0,1,1,0,30.9
1713027088000,57,16,5,42,1561097980,42.70,278.0,74.0,1,1,0,37.7
1713027088000,57,17,5,39,1561097980,28.40,63.0,27.0,1,1,0,23.4
1713027088000,57,18,5,34,1561097980,35.20,160.0,69.0,1,1,0,30.2
1713027088000,57,19,5,33,1561097980,26.30,237.0,22.0,0,1,0,21.3
1713027088000,57,20,5,21,1561097980,40.10,37.0,44.0,1,1,0,35.1
1713027088000,57,21,5,16,1561097980,33.50,73.0,28.0,1,1,0,28.5
1713027088000,57,22,5,14,1561097980,41.20,245.0,49.0,1,1,0,36.2
1713027088000,57,23,5,13,1561097980,24.90,69.0,18.0,0,1,0,19.9
1713027088000,57,24,5,12,1561097980,39.60,144.0,38.0,1,1,0,34.6
1713027088000,57,25,5,11,1561097980,38.90,300.0,82.0,1,1,0,33.9
1713027088000,57,26,5,9,1561097980,27.90,95.0,30.0,1,1,0,22.9
1713027088000,57,27,5,5,1561097980,35.70,138.0,46.0,1,1,0,30.7
1713027088000,57,28,5,2,1561097980,22.20,112.0,27.0,0,1,0,17.2
1713027088000,57,29,6,4,1575420030,22.00,202.0,27.0,0,1,0,17.0
1713027088000,57,30,6,10,1575420030,35.20,318.0,34.0,1,1,0,30.2
1713027088000,57,31,6,12,1575420030,26.60,338.0,57.0,1,1,0,21.6
1713027088000,57,32,6,19,1575420030,28.00,119.0,73.0,1,1,0,23.0
1713027088000,57,33,6,24,1575420030,33.40,260.0,7.0,1,1,0,28.4
1713027088000,57,34,6,33,1575420030,28.00,91.0,51.0,1,1,0,23.0
1713027088000,57,35,1,3,1176450050,29.10,262.0,14.0,1,1,0,24.1
1713027088000,57,36,1,8,1176450050,32.00,244.0,56.0,1,1,1,27.0
1713027088000,57,37,1,10,1176450050,22.50,49.0,31.0,1,1,1,17.5
1713027088000,57,38,1,27,1176450050,28.90,188.0,41.0,1,1,1,23.9
1713027088000,57,39,1,28,1176450050,19.70,126.0,18.0,1,1,0,14.7
1713027088000,57,40,1,32,1176450050,23.60,57.0,55.0,1,1,1,18.6
1713027088000,57,41,6,10,1176450050,30.10,318.0,34.0,1,1,0,25.1
1713027088000,57,42,6,12,1176450050,28.00,338.0,57.0,1,1,0,23.0
1713027088000,57,43,6,24,1176450050,26.00,260.0,7.0,1,1,0,21.0
1713027088000,57,44,6,33,1176450050,23.90,91.0,51.0,1,1,0,18.9
1713027088000,57,45,5,21,1176450050,27.20,37.0,44.0,1,1,0,22.2
1713027088000,57,46,5,33,1176450050,28.90,237.0,22.0,0,1,0,23.9
1713027088000,57,47,5,34,1176450050,27.60,160.0,69.0,1,1,0,22.6
1713027088000,57,48,5,39,1176450050,25.60,63.0,27.0,1,1,0,20.6
1713027088000,57,49,5,42,1176450050,23.90,278.0,74.0,1,1,0,18.9
1713027088000,57,50,5,43,1176450050,30.20,309.0,56.0,1,1,0,25.2
1713027088000,57,51,5,21,1575420030,35.10,37.0,44.0,1,1,0,30.1
1713027088000,57,52,5,33,1575420030,24.70,237.0,22.0,1,1,0,19.7
1713027088000,57,53,5,34,1575420030,32.30,160.0,69.0,1,1,0,27.3
1713027088000,57,54,5,39,1575420030,27.70,63.0,27.0,1,1,0,22.7
1713027088000,57,55,5,42,1575420030,38.10,278.0,74.0,1,1,0,33.1
1713027088000,57,56,5,43,1575420030,36.90,309.0,56.0,1,1,0,31.9
1713027089000,57,0,1,2,1575420030,39.40,317.0,34.0,1,1,1,34.4
1713027089000,57,1,1,3,1575420030,37.80,262.0,14.0,1,1,0,32.8
1713027089000,57,2,1,8,1575420030,43.00,244.0,56.0,1,1,1,38.0
1713027089000,57,3,1,10,1575420030,28.50,49.0,31.0,1,1,1,23.5
1713027089000,57,4,1,21,1575420030,39.60,325.0,51.0,1,1,1,34.6
1713027089000,57,5,1,27,1575420030,39.00,188.0,41.0,1,1,1,34.0
1713027089000,57,6,1,28,1575420030,31.20,126.0,18.0,1,1,0,26.2
1713027089000,57,7,1,32,1575420030,40.10,57.0,55.0,1,1,1,35.1
1713027089000,57,8,3,6,1599750020,31.90,231.0,39.0,1,1,0,26.9
1713027089000,57,9,3,5,1602562560,38.90,8.0,65.0,1,1,0,33.9
1713027089000,57,10,3,20,1603124990,22.70,26.0,73.0,1,1,0,17.7
1713027089000,57,11,3,19,1603687550,24.20,131.0,28.0,1,1,0,19.2
1713027089000,57,12,3,21,1604249980,38.40,330.0,22.0,1,1,0,33.4
1713027089000,57,13,3,4,1605374980,21.90,31.0,16.0,1,1,0,16.9
1713027089000,57,14,5,60,1561097980,35.80,116.0,29.0,1,1,0,30.8
1713027089000,57,15,5,43,1561097980,36.10,309.0,56.0,1,1,0,31.1
1713027089000,57,16,5,42,1561097980,43.10,278.0,74.0,1,1,0,38.1
1713027089000,57,17,5,39,1561097980,28.70,63.0,27.0,1,1,0,23.7
1713027089000,57,18,5,34,1561097980,35.40,160.0,69.0,1,1,0,30.4
1713027089000,57,19,5,33,1561097980,26.30,237.0,22.0,0,1,0,21.3
1713027089000,57,20,5,21,1561097980,40.70,37.0,44.0,1,1,0,35.7
1713027089000,57,21,5,16,1561097980,34.00,73.0,28.0,1,1,0,29.0
1713027089000,57,22,5,14,1561097980,42.60,245.0,49.0,1,1,0,37.6
1713027089000,57,23,5,13,1561097980,24.90,69.0,18.0,0,1,0,19.9
1713027089000,57,24,5,12,1561097980,39.70,144.0,38.0,1,1,0,34.7
1713027089000,57,25,5,11,1561097980,38.90,300.0,82.0,1,1,0,33.9
1713027089000,57,26,5,9,1561097980,29.20,95.0,30.0,1,1,0,24.2
1713027089000,57,27,5,5,1561097980,36.30,138.0,46.0,1,1,0,31.3
1713027089000,57,28,5,2,1561097980,22.20,112.0,27.0,0,1,0,17.2
1713027089000,57,29,6,4,1575420030,22.00,202.0,27.0,0,1,0,17.0
1713027089000,57,30,6,10,1575420030,34.40,318.0,34.0,1,1,0,29.4
1713027089000,57,31,6,12,1575420030,26.50,338.0,57.0,1,1,0,21.5
1713027089000,57,32,6,19,1575420030,28.30,119.0,73.0,1,1,0,23.3
1713027089000,57,33,6,24,1575420030,32.40,260.0,7.0,1,1,0,27.4
1713027089000,57,34,6,33,1575420030,25.90,91.0,51.0,1,1,0,20.9
1713027089000,57,35,1,3,1176450050,28.50,262.0,14.0,1,1,0,23.5
1713027089000,57,36,1,8,1176450050,31.00,244.0,56.0,1,1,1,26.0
1713027089000,57,37,1,10,1176450050,21.40,49.0,31.0,1,1,1,16.4
1713027089000,57,38,1,27,1176450050,26.50,188.0,41.0,1,1,1,21.5
1713027089000,57,39,1,28,1176450050,19.70,126.0,18.0,1,1,0,14.7
1713027089000,57,40,1,32,1176450050,21.40,57.0,55.0,1,1,1,16.4
1713027089000,57,41,6,10,1176450050,30.10,318.0,34.0,1,1,0,25.1
1713027089000,57,42,6,12,1176450050,26.80,338.0,57.0,1,1,0,21.8
1713027089000,57,43,6,24,1176450050,24.10,260.0,7.0,1,1,0,19.1
1713027089000,57,44,6,33,1176450050,22.60,91.0,51.0,1,1,0,17.6
1713027089000,57,45,5,21,1176450050,25.30,37.0,44.0,1,1,0,20.3
1713027089000,57,46,5,33,1176450050,27.10,237.0,22.0,0,1,0,22.1
1713027089000,57,47,5,34,1176450050,26.50,160.0,69.0,1,1,0,21.5
1713027089000,57,48,5,39,1176450050,25.10,63.0,27.0,1,1,0,20.1
1713027089000,57,49,5,42,1176450050,22.30,278.0,74.0,1,1,0,17.3
1713027089000,57,50,5,43,1176450050,29.60,309.0,56.0,1,1,0,24.6
1713027089000,57,51,5,21,1575420030,33.90,37.0,44.0,1,1,0,28.9
1713027089000,57,52,5,33,1575420030,24.70,237.0,22.0,1,1,0,19.7
1713027089000,57,53,5,34,1575420030,31.50,160.0,69.0,1,1,0,26.5
1713027089000,57,54,5,39,1575420030,26.90,63.0,27.0,0,1,0,21.9
1713027089000,57,55,5,42,1575420030,36.40,278.0,74.0,1,1,0,31.4
1713027089000,57,56,5,43,1575420030,36.00,309.0,56.0,1,1,0,31.0
1713027090000,57,0,1,2,1575420030,39.00,317.0,34.0,1,1,1,34.0
1713027090000,57,1,1,3,1575420030,38.10,262.0,14.0,1,1,0,33.1
1713027090000,57,2,1,8,1575420030,43.00,244.0,56.0,1,1,1,38.0
1713027090000,57,3,1,10,1575420030,29.10,49.0,31.0,0,1,1,24.1
1713027090000,57,4,1,21,1575420030,39.40,325.0,51.0,1,1,1,34.4
1713027090000,57,5,1,27,1575420030,38.40,188.0,41.0,1,1,1,33.4
1713027090000,57,6,1,28,1575420030,31.50,126.0,18.0,1,1,0,26.5
1713027090000,57,7,1,32,1575420030,39.80,57.0,55.0,1,1,1,34.8
1713027090000,57,8,3,6,1599750020,31.40,231.0,39.0,1,1,0,26.4
1713027090000,57,9,3,5,1602562560,38.40,8.0,65.0,1,1,0,33.4
1713027090000,57,10,3,20,1603124990,22.60,26.0,73.0,1,1,0,17.6
1713027090000,57,11,3,19,1603687550,24.20,131.0,28.0,1,1,0,19.2
1713027090000,57,12,3,21,1604249980,38.30,330.0,22.0,1,1,0,33.3
1713027090000,57,13,3,4,1605374980,21.90,31.0,16.0,0,1,0,16.9
1713027090000,57,14,5,60,1561097980,35.30,116.0,29.0,1,1,0,30.3
1713027090000,57,15,5,43,1561097980,35.60,309.0,56.0,1,1,0,30.6
1713027090000,57,16,5,42,1561097980,43.30,278.0,74.0,1,1,0,38.3
1713027090000,57,17,5,39,1561097980,29.10,63.0,27.0,1,1,0,24.1
1713027090000,57,18,5,34,1561097980,35.30,160.0,69.0,1,1,0,30.3
1713027090000,57,19,5,33,1561097980,26.10,237.0,22.0,0,1,0,21.1
1713027090000,57,20,5,21,1561097980,40.70,37.0,44.0,1,1,0,35.7
1713027090000,57,21,5,16,1561097980,34.30,73.0,28.0,1,1,0,29.3
1713027090000,57,22,5,14,1561097980,42.50,245.0,49.0,1,1,0,37.5
1713027090000,57,23,5,13,1561097980,24.90,69.0,18.0,0,1,0,19.9
1713027090000,57,24,5,12,1561097980,39.40,144.0,38.0,1,1,0,34.4
1713027090000,57,25,5,11,1561097980,38.90,300.0,82.0,1,1,0,33.9
1713027090000,57,26,5,9,1561097980,28.50,95.0,30.0,1,1,0,23.5
1713027090000,57,27,5,5,1561097980,36.30,138.0,46.0,1,1,0,31.3
1713027090000,57,28,5,2,1561097980,22.20,112.0,27.0,0,1,0,17.2
1713027090000,57,29,6,4,1575420030,22.00,202.0,27.0,0,1,0,17.0
1713027090000,57,30,6,10,1575420030,34.80,318.0,34.0,1,1,0,29.8
1713027090000,57,31,6,12,1575420030,28.50,338.0,57.0,1,1,0,23.5
1713027090000,57,32,6,19,1575420030,29.30,119.0,73.0,1,1,0,24.3
1713027090000,57,33,6,24,1575420030,34.40,260.0,7.0,1,1,0,29.4
1713027090000,57,34,6,33,1575420030,26.90,91.0,51.0,1,1,0,21.9
1713027090000,57,35,1,3,1176450050,30.30,262.0,14.0,1,1,0,25.3
1713027090000,57,36,1,8,1176450050,32.10,244.0,56.0,1,1,1,27.1
1713027090000,57,37,1,10,1176450050,24.00,49.0,31.0,1,1,1,19.0
1713027090000,57,38,1,27,1176450050,29.70,188.0,41.0,1,1,1,24.7
1713027090000,57,39,1,28,1176450050,16.90,126.0,18.0,1,1,0,11.9
1713027090000,57,40,1,32,1176450050,24.40,57.0,55.0,1,1,1,19.4
1713027090000,57,41,6,10,1176450050,30.40,318.0,34.0,1,1,0,25.4
1713027090000,57,42,6,12,1176450050,28.00,338.0,57.0,1,1,0,23.0
1713027090000,57,43,6,24,1176450050,25.40,260.0,7.0,1,1,0,20.4
1713027090000,57,44,6,33,1176450050,21.70,91.0,51.0,1,1,0,16.7
1713027090000,57,45,5,21,1176450050,27.80,37.0,44.0,1,1,0,22.8
1713027090000,57,46,5,33,1176450050,29.10,237.0,22.0,0,1,0,24.1
1713027090000,57,47,5,34,1176450050,28.10,160.0,69.0,1,1,0,23.1
1713027090000,57,48,5,39,1176450050,26.10,63.0,27.0,1,1,0,21.1
1713027090000,57,49,5,42,1176450050,25.10,278.0,74.0,1,1,0,20.1
1713027090000,57,50,5,43,1176450050,30.50,309.0,56.0,1,1,0,25.5
1713027090000,57,51,5,21,1575420030,35.70,37.0,44.0,1,1,0,30.7
1713027090000,57,52,5,33,1575420030,25.80,237.0,22.0,1,1,0,20.8
1713027090000,57,53,5,34,1575420030,31.50,160.0,69.0,1,1,0,26.5
1713027090000,57,54,5,39,1575420030,28.10,63.0,27.0,0,1,0,23.1
1713027090000,57,55,5,42,1575420030,37.70,278.0,74.0,1,1,0,32.7
1713027090000,57,56,5,43,1575420030,37.10,309.0,56.0,1,1,0,32.1
1713027091000,57,0,1,2,1575420030,41.00,317.0,34.0,1,1,1,36.0
1713027091000,57,1,1,3,1575420030,39.90,262.0,14.0,1,1,0,34.9
1713027091000,57,2,1,8,1575420030,44.30,244.0,56.0,1,1,1,39.3
1713027091000,57,3,1,10,1575420030,30.80,49.0,31.0,1,1,1,25.8
1713027091000,57,4,1,21,1575420030,40.60,325.0,51.0,1,1,1,35.6
1713027091000,57,5,1,27,1575420030,40.20,188.0,41.0,1,1,1,35.2
1713027091000,57,6,1,28,1575420030,33.50,126.0,18.0,1,1,0,28.5
1713027091000,57,7,1,32,1575420030,40.70,57.0,55.0,1,1,1,35.7
1713027091000,57,8,3,6,1599750020,33.00,231.0,39.0,1,1,0,28.0
1713027091000,57,9,3,5,1602562560,40.00,8.0,65.0,1,1,0,35.0
1713027091000,57,10,3,20,1603124990,25.60,26.0,73.0,1,1,0,20.6
1713027091000,57,11,3,19,1603687550,23.40,131.0,28.0,1,1,0,18.4
1713027091000,57,12,3,21,1604249980,40.00,330.0,22.0,1,1,0,35.0
1713027091000,57,13,3,4,1605374980,20.90,31.0,16.0,0,1,0,15.9
1713027091000,57,14,5,60,1561097980,37.10,116.0,29.0,1,1,0,32.1
1713027091000,57,15,5,43,1561097980,37.40,309.0,56.0,1,1,0,32.4
1713027091000,57,16,5,42,1561097980,45.10,278.0,74.0,1,1,0,40.1
1713027091000,57,17,5,39,1561097980,29.20,63.0,27.0,1,1,0,24.2
1713027091000,57,18,5,34,1561097980,37.10,160.0,69.0,1,1,0,32.1
1713027091000,57,19,5,33,1561097980,28.70,237.0,22.0,0,1,0,23.7
1713027091000,57,20,5,21,1561097980,42.70,37.0,44.0,1,1,0,37.7
1713027091000,57,21,5,16,1561097980,35.50,73.0,28.0,1,1,0,30.5
1713027091000,57,22,5,14,1561097980,43.90,245.0,49.0,1,1,0,38.9
1713027091000,57,23,5,13,1561097980,24.90,69.0,18.0,0,1,0,19.9
1713027091000,57,24,5,12,1561097980,41.40,144.0,38.0,1,1,0,36.4
1713027091000,57,25,5,11,1561097980,40.60,300.0,82.0,1,1,0,35.6
1713027091000,57,26,5,9,1561097980,30.20,95.0,30.0,1,1,0,25.2
1713027091000,57,27,5,5,1561097980,37.90,138.0,46.0,1,1,0,32.9
1713027091000,57,28,5,2,1561097980,22.20,112.0,27.0,0,1,0,17.2
1713027091000,57,29,6,4,1575420030,17.90,202.0,27.0,0,1,0,12.9
1713027091000,57,30,6,10,1575420030,38.00,318.0,34.0,1,1,0,33.0
1713027091000,57,31,6,12,1575420030,30.40,338.0,57.0,1,1,0,25.4
1713027091000,57,32,6,19,1575420030,30.80,119.0,73.0,1,1,0,25.8
1713027091000,57,33,6,24,1575420030,35.90,260.0,7.0,1,1,0,30.9
1713027091000,57,34,6,33,1575420030,29.90,91.0,51.0,1,1,0,24.9
1713027091000,57,35,1,3,1176450050,31.50,262.0,14.0,1,1,0,26.5
1713027091000,57,36,1,8,1176450050,34.00,244.0,56.0,1,1,1,29.0
1713027091000,57,37,1,10,1176450050,25.80,49.0,31.0,1,1,1,20.8
1713027091000,57,38,1,27,1176450050,30.80,188.0,41.0,1,1,1,25.8
1713027091000,57,39,1,28,1176450050,20.90,126.0,18.0,1,1,0,15.9
1713027091000,57,40,1,32,1176450050,26.00,57.0,55.0,1,1,1,21.0
1713027091000,57,41,6,10,1176450050,32.50,318.0,34.0,1,1,0,27.5
1713027091000,57,42,6,12,1176450050,29.90,338.0,57.0,1,1,0,24.9
1713027091000,57,43,6,24,1176450050,26.60,260.0,7.0,1,1,0,21.6
1713027091000,57,44,6,33,1176450050,24.40,91.0,51.0,1,1,0,19.4
1713027091000,57,45,5,21,1176450050,29.40,37.0,44.0,1,1,0,24.4
1713027091000,57,46,5,33,1176450050,30.30,237.0,22.0,0,1,0,25.3
1713027091000,57,47,5,34,1176450050,29.50,160.0,69.0,1,1,0,24.5
1713027091000,57,48,5,39,1176450050,26.50,63.0,27.0,1,1,0,21.5
1713027091000,57,49,5,42,1176450050,24.90,278.0,74.0,1,1,0,19.9
1713027091000,57,50,5,43,1176450050,31.40,309.0,56.0,1,1,0,26.4
1713027091000,57,51,5,21,1575420030,38.10,37.0,44.0,1,1,0,33.1
1713027091000,57,52,5,33,1575420030,28.40,237.0,22.0,1,1,0,23.4
1713027091000,57,53,5,34,1575420030,34.70,160.0,69.0,1,1,0,29.7
1713027091000,57,54,5,39,1575420030,30.00,63.0,27.0,0,1,0,25.0
1713027091000,57,55,5,42,1575420030,40.70,278.0,74.0,1,1,0,35.7
1713027091000,57,56,5,43,1575420030,39.30,309.0,56.0,1,1,0,34.3
1713027092000,56,0,1,2,1575420030,41.00,317.0,34.0,1,1,1,36.0
1713027092000,56,1,1,3,1575420030,40.40,262.0,14.0,1,1,0,35.4
1713027092000,56,2,1,8,1575420030,44.70,244.0,56.0,1,1,1,39.7
1713027092000,56,3,1,10,1575420030,28.90,49.0,31.0,1,1,1,23.9
1713027092000,56,4,1,21,1575420030,40.40,325.0,51.0,1,1,1,35.4
1713027092000,56,5,1,27,1575420030,40.10,188.0,41.0,1,1,1,35.1
1713027092000,56,6,1,28,1575420030,33.10,126.0,18.0,1,1,0,28.1
1713027092000,56,7,1,32,1575420030,39.10,57.0,55.0,1,1,1,34.1
1713027092000,56,8,3,6,1599750020,32.80,231.0,39.0,1,1,0,27.8
1713027092000,56,9,3,5,1602562560,39.00,8.0,65.0,1,1,0,34.0
1713027092000,56,10,3,20,1603124990,25.00,26.0,73.0,1,1,0,20.0
1713027092000,56,11,3,19,1603687550,22.50,131.0,28.0,0,1,0,17.5
1713027092000,56,12,3,21,1604249980,39.30,330.0,22.0,1,1,0,34.3
1713027092000,56,13,3,4,1605374980,23.60,31.0,16.0,0,1,0,18.6
1713027092000,56,14,5,60,1561097980,37.40,116.0,29.0,1,1,0,32.4
1713027092000,56,15,5,43,1561097980,38.20,309.0,56.0,1,1,0,33.2
1713027092000,56,16,5,42,1561097980,44.50,278.0,74.0,1,1,0,39.5
1713027092000,56,17,5,39,1561097980,29.90,63.0,27.0,1,1,0,24.9
1713027092000,56,18,5,34,1561097980,36.80,160.0,69.0,1,1,0,31.8
1713027092000,56,19,5,33,1561097980,28.30,237.0,22.0,0,1,0,23.3
1713027092000,56,20,5,21,1561097980,41.40,37.0,44.0,1,1,0,36.4
1713027092000,56,21,5,16,1561097980,34.60,73.0,28.0,1,1,0,29.6
1713027092000,56,22,5,14,1561097980,43.60,245.0,49.0,1,1,0,38.6
1713027092000,56,23,5,13,1561097980,24.90,69.0,18.0,0,1,0,19.9
1713027092000,56,24,5,12,1561097980,41.10,144.0,38.0,1,1,0,36.1
1713027092000,56,25,5,11,1561097980,40.20,300.0,82.0,1,1,0,35.2
1713027092000,56,26,5,9,1561097980,29.90,95.0,30.0,1,1,0,24.9
1713027092000,56,27,5,5,1561097980,37.90,138.0,46.0,1,1,0,32.9
1713027092000,56,28,6,4,1575420030,23.20,202.0,27.0,0,1,0,18.2
1713027092000,56,29,6,10,1575420030,37.60,318.0,34.0,1,1,0,32.6
1713027092000,56,30,6,12,1575420030,29.60,338.0,57.0,1,1,0,24.6
1713027092000,56,31,6,19,1575420030,30.80,119.0,73.0,1,1,0,25.8
1713027092000,56,32,6,24,1575420030,36.90,260.0,7.0,1,1,0,31.9
1713027092000,56,33,6,33,1575420030,29.30,91.0,51.0,1,1,0,24.3
1713027092000,56,34,1,3,1176450050,30.90,262.0,14.0,1,1,0,25.9
1713027092000,56,35,1,8,1176450050,32.90,244.0,56.0,1,1,1,27.9
1713027092000,56,36,1,10,1176450050,23.50,49.0,31.0,1,1,1,18.5
1713027092000,56,37,1,27,1176450050,31.00,188.0,41.0,1,1,1,26.0
1713027092000,56,38,1,28,1176450050,20.90,126.0,18.0,1,1,0,15.9
1713027092000,56,39,1,32,1176450050,25.50,57.0,55.0,1,1,1,20.5
1713027092000,56,40,6,10,1176450050,32.60,318.0,34.0,1,1,0,27.6
1713027092000,56,41,6,12,1176450050,29.60,338.0,57.0,1,1,0,24.6
1713027092000,56,42,6,24,1176450050,27.00,260.0,7.0,1,1,0,22.0
1713027092000,56,43,6,33,1176450050,23.90,91.0,51.0,1,1,0,18.9
1713027092000,56,44,5,21,1176450050,28.50,37.0,44.0,1,1,0,23.5
1713027092000,56,45,5,33,1176450050,30.20,237.0,22.0,0,1,0,25.2
1713027092000,56,46,5,34,1176450050,29.40,160.0,69.0,1,1,0,24.4
1713027092000,56,47,5,39,1176450050,26.20,63.0,27.0,1,1,0,21.2
1713027092000,56,48,5,42,1176450050,25.50,278.0,74.0,1,1,0,20.5
1713027092000,56,49,5,43,1176450050,31.30,309.0,56.0,1,1,0,26.3
1713027092000,56,50,5,21,1575420030,36.60,37.0,44.0,1,1,0,31.6
1713027092000,56,51,5,33,1575420030,27.50,237.0,22.0,1,1,0,22.5
1713027092000,56,52,5,34,1575420030,34.60,160.0,69.0,1,1,0,29.6
1713027092000,56,53,5,39,1575420030,31.40,63.0,27.0,0,1,0,26.4
1713027092000,56,54,5,42,1575420030,39.90,278.0,74.0,1,1,0,34.9
1713027092000,56,55,5,43,1575420030,39.30,309.0,56.0,1,1,0,34.3
1713027093000,55,0,1,2,1575420030,41.60,317.0,34.0,1,1,1,36.6
1713027093000,55,1,1,3,1575420030,40.00,262.0,14.0,1,1,0,35.0
1713027093000,55,2,1,8,1575420030,44.60,244.0,56.0,1,1,1,39.6
1713027093000,55,3,1,21,1575420030,39.00,325.0,51.0,1,1,1,34.0
1713027093000,55,4,1,27,1575420030,40.00,188.0,41.0,1,1,1,35.0
1713027093000,55,5,1,28,1575420030,31.80,126.0,18.0,1,1,0,26.8
1713027093000,55,6,1,32,1575420030,36.90,57.0,55.0,1,1,1,31.9
1713027093000,55,7,3,6,1599750020,33.00,231.0,39.0,1,1,0,28.0
1713027093000,55,8,3,5,1602562560,38.90,8.0,65.0,1,1,0,33.9
1713027093000,55,9,3,20,1603124990,26.20,26.0,73.0,1,1,0,21.2
1713027093000,55,10,3,19,1603687550,22.50,131.0,28.0,0,1,0,17.5
1713027093000,55,11,3,21,1604249980,39.60,330.0,22.0,1,1,0,34.6
1713027093000,55,12,3,4,1605374980,23.60,31.0,16.0,0,1,0,18.6
1713027093000,55,13,5,60,1561097980,36.60,116.0,29.0,1,1,0,31.6
1713027093000,55,14,5,43,1561097980,37.90,309.0,56.0,1,1,0,32.9
1713027093000,55,15,5,42,1561097980,43.80,278.0,74.0,1,1,0,38.8
1713027093000,55,16,5,39,1561097980,29.10,63.0,27.0,1,1,0,24.1
1713027093000,55,17,5,34,1561097980,35.90,160.0,69.0,1,1,0,30.9
1713027093000,55,18,5,33,1561097980,27.00,237.0,22.0,0,1,0,22.0
1713027093000,55,19,5,21,1561097980,39.60,37.0,44.0,1,1,0,34.6
1713027093000,55,20,5,16,1561097980,33.00,73.0,28.0,1,1,0,28.0
1713027093000,55,21,5,14,1561097980,42.70,245.0,49.0,1,1,0,37.7
1713027093000,55,22,5,13,1561097980,24.90,69.0,18.0,0,1,0,19.9
1713027093000,55,23,5,12,1561097980,40.30,144.0,38.0,1,1,0,35.3
1713027093000,55,24,5,11,1561097980,38.90,300.0,82.0,1,1,0,33.9
1713027093000,55,25,5,9,1561097980,29.40,95.0,30.0,1,1,0,24.4
1713027093000,55,26,5,5,1561097980,36.80,138.0,46.0,1,1,0,31.8
1713027093000,55,27,6,4,1575420030,24.40,202.0,27.0,0,1,0,19.4
1713027093000,55,28,6,10,1575420030,37.70,318.0,34.0,1,1,0,32.7
1713027093000,55,29,6,12,1575420030,28.50,338.0,57.0,1,1,0,23.5
1713027093000,55,30,6,19,1575420030,30.60,119.0,73.0,1,1,0,25.6
1713027093000,55,31,6,24,1575420030,34.90,260.0,7.0,1,1,0,29.9
1713027093000,55,32,6,33,1575420030,28.90,91.0,51.0,1,1,0,23.9
1713027093000,55,33,1,3,1176450050,30.80,262.0,14.0,1,1,0,25.8
1713027093000,55,34,1,8,1176450050,32.60,244.0,56.0,1,1,1,27.6
1713027093000,55,35,1,10,1176450050,24.20,49.0,31.0,1,1,1,19.2
1713027093000,55,36,1,27,1176450050,30.80,188.0,41.0,1,1,1,25.8
1713027093000,55,37,1,28,1176450050,20.90,126.0,18.0,1,1,0,15.9
1713027093000,55,38,1,32,1176450050,25.60,57.0,55.0,1,1,1,20.6
1713027093000,55,39,6,10,1176450050,31.30,318.0,34.0,1,1,0,26.3
1713027093000,55,40,6,12,1176450050,29.80,338.0,57.0,1,1,0,24.8
1713027093000,55,41,6,24,1176450050,26.60,260.0,7.0,1,1,0,21.6
1713027093000,55,42,6,33,1176450050,24.90,91.0,51.0,1,1,0,19.9
1713027093000,55,43,5,21,1176450050,28.90,37.0,44.0,1,1,0,23.9
1713027093000,55,44,5,33,1176450050,30.20,237.0,22.0,0,1,0,25.2
1713027093000,55,45,5,34,1176450050,28.90,160.0,69.0,1,1,0,23.9
1713027093000,55,46,5,39,1176450050,25.70,63.0,27.0,1,1,0,20.7
1713027093000,55,47,5,42,1176450050,24.00,278.0,74.0,1,1,0,19.0
1713027093000,55,48,5,43,1176450050,30.90,309.0,56.0,1,1,0,25.9
1713027093000,55,49,5,21,1575420030,34.10,37.0,44.0,1,1,0,29.1
1713027093000,55,50,5,33,1575420030,27.90,237.0,22.0,1,1,0,22.9
1713027093000,55,51,5,34,1575420030,34.70,160.0,69.0,1,1,0,29.7
1713027093000,55,52,5,39,1575420030,31.00,63.0,27.0,0,1,0,26.0
1713027093000,55,53,5,42,1575420030,38.80,278.0,74.0,1,1,0,33.8
1713027093000,55,54,5,43,1575420030,39.50,309.0,56.0,1,1,0,34.5
1713027094000,54,0,1,2,1575420030,41.20,317.0,34.0,1,1,1,36.2
1713027094000,54,1,1,3,1575420030,39.40,262.0,14.0,1,1,0,34.4
1713027094000,54,2,1,8,1575420030,43.90,244.0,56.0,1,1,1,38.9
1713027094000,54,3,1,21,1575420030,38.70,325.0,51.0,1,1,1,33.7
1713027094000,54,4,1,27,1575420030,39.30,188.0,41.0,1,1,1,34.3
1713027094000,54,5,1,28,1575420030,31.80,126.0,18.0,1,1,0,26.8
1713027094000,54,6,1,32,1575420030,36.90,57.0,55.0,1,1,1,31.9
1713027094000,54,7,3,6,1599750020,32.90,231.0,39.0,1,1,0,27.9
1713027094000,54,8,3,5,1602562560,38.10,8.0,65.0,1,1,0,33.1
1713027094000,54,9,3,20,1603124990,25.40,26.0,73.0,1,1,0,20.4
1713027094000,54,10,3,19,1603687550,20.00,131.0,28.0,0,1,0,15.0
1713027094000,54,11,3,21,1604249980,39.60,330.0,22.0,1,1,0,34.6
1713027094000,54,12,3,4,1605374980,23.60,31.0,16.0,0,1,0,18.6
1713027094000,54,13,5,60,1561097980,35.70,116.0,29.0,1,1,0,30.7
1713027094000,54,14,5,43,1561097980,37.50,309.0,56.0,1,1,0,32.5
1713027094000,54,15,5,42,1561097980,43.10,278.0,74.0,1,1,0,38.1
1713027094000,54,16,5,39,1561097980,29.30,63.0,27.0,1,1,0,24.3
1713027094000,54,17,5,34,1561097980,36.00,160.0,69.0,1,1,0,31.0
1713027094000,54,18,5,33,1561097980,26.20,237.0,22.0,1,1,0,21.2
1713027094000,54,19,5,21,1561097980,38.60,37.0,44.0,1,1,0,33.6
1713027094000,54,20,5,16,1561097980,32.50,73.0,28.0,1,1,0,27.5
1713027094000,54,21,5,14,1561097980,42.10,245.0,49.0,1,1,0,37.1
1713027094000,54,22,5,12,1561097980,39.90,144.0,38.0,1,1,0,34.9
1713027094000,54,23,5,11,1561097980,38.70,300.0,82.0,1,1,0,33.7
1713027094000,54,24,5,9,1561097980,28.90,95.0,30.0,1,1,0,23.9
1713027094000,54,25,5,5,1561097980,36.40,138.0,46.0,1,1,0,31.4
1713027094000,54,26,6,4,1575420030,26.60,202.0,27.0,0,1,0,21.6
1713027094000,54,27,6,10,1575420030,38.00,318.0,34.0,1,1,0,33.0
1713027094000,54,28,6,12,1575420030,27.20,338.0,57.0,1,1,0,22.2
1713027094000,54,29,6,19,1575420030,29.90,119.0,73.0,1,1,0,24.9
1713027094000,54,30,6,24,1575420030,34.70,260.0,7.0,1,1,0,29.7
1713027094000,54,31,6,33,1575420030,26.50,91.0,51.0,1,1,0,21.5
1713027094000,54,32,1,3,1176450050,30.80,262.0,14.0,1,1,0,25.8
1713027094000,54,33,1,8,1176450050,32.50,244.0,56.0,1,1,1,27.5
1713027094000,54,34,1,10,1176450050,22.40,49.0,31.0,1,1,1,17.4
1713027094000,54,35,1,27,1176450050,30.30,188.0,41.0,1,1,1,25.3
1713027094000,54,36,1,28,1176450050,18.40,126.0,18.0,1,1,0,13.4
1713027094000,54,37,1,32,1176450050,25.30,57.0,55.0,1,1,1,20.3
1713027094000,54,38,6,10,1176450050,30.90,318.0,34.0,1,1,0,25.9
1713027094000,54,39,6,12,1176450050,29.00,338.0,57.0,1,1,0,24.0
1713027094000,54,40,6,24,1176450050,27.30,260.0,7.0,1,1,0,22.3
1713027094000,54,41,6,33,1176450050,24.20,91.0,51.0,1,1,0,19.2
1713027094000,54,42,5,21,1176450050,28.50,37.0,44.0,1,1,0,23.5
1713027094000,54,43,5,33,1176450050,29.60,237.0,22.0,0,1,0,24.6
1713027094000,54,44,5,34,1176450050,29.20,160.0,69.0,1,1,0,24.2
1713027094000,54,45,5,39,1176450050,25.50,63.0,27.0,1,1,0,20.5
1713027094000,54,46,5,42,1176450050,23.10,278.0,74.0,1,1,0,18.1
1713027094000,54,47,5,43,1176450050,30.10,309.0,56.0,1,1,0,25.1
1713027094000,54,48,5,21,1575420030,32.00,37.0,44.0,1,1,0,27.0
1713027094000,54,49,5,33,1575420030,27.50,237.0,22.0,1,1,0,22.5
1713027094000,54,50,5,34,1575420030,33.50,160.0,69.0,1,1,0,28.5
1713027094000,54,51,5,39,1575420030,31.30,63.0,27.0,0,1,0,26.3
1713027094000,54,52,5,42,1575420030,38.60,278.0,74.0,1,1,0,33.6
1713027094000,54,53,5,43,1575420030,38.40,309.0,56.0,1,1,0,33.4
1713027095000,54,0,1,2,1575420030,41.10,317.0,34.0,1,1,1,36.1
1713027095000,54,1,1,3,1575420030,39.40,262.0,14.0,1,1,0,34.4
1713027095000,54,2,1,8,1575420030,43.90,244.0,56.0,1,1,1,38.9
1713027095000,54,3,1,21,1575420030,38.30,325.0,51.0,1,1,1,33.3
1713027095000,54,4,1,27,1575420030,38.90,188.0,41.0,1,1,1,33.9
1713027095000,54,5,1,28,1575420030,30.20,126.0,18.0,1,1,0,25.2
1713027095000,54,6,1,32,1575420030,35.30,57.0,55.0,1,1,1,30.3
1713027095000,54,7,3,6,1599750020,31.80,231.0,39.0,1,1,0,26.8
1713027095000,54,8,3,5,1602562560,37.70,8.0,65.0,1,1,0,32.7
1713027095000,54,9,3,20,1603124990,25.10,26.0,73.0,1,1,0,20.1
1713027095000,54,10,3,19,1603687550,20.00,131.0,28.0,0,1,0,15.0
1713027095000,54,11,3,21,1604249980,39.20,330.0,22.0,1,1,0,34.2
1713027095000,54,12,3,4,1605374980,23.60,31.0,16.0,0,1,0,18.6
1713027095000,54,13,5,60,1561097980,35.80,116.0,29.0,1,1,0,30.8
1713027095000,54,14,5,43,1561097980,38.30,309.0,56.0,1,1,0,33.3
1713027095000,54,15,5,42,1561097980,42.90,278.0,74.0,1,1,0,37.9
1713027095000,54,16,5,39,1561097980,30.00,63.0,27.0,1,1,0,25.0
1713027095000,54,17,5,34,1561097980,35.10,160.0,69.0,1,1,0,30.1
1713027095000,54,18,5,33,1561097980,26.20,237.0,22.0,1,1,0,21.2
1713027095000,54,19,5,21,1561097980,38.50,37.0,44.0,1,1,0,33.5
1713027095000,54,20,5,16,1561097980,32.30,73.0,28.0,1,1,0,27.3
1713027095000,54,21,5,14,1561097980,42.20,245.0,49.0,1,1,0,37.2
1713027095000,54,22,5,12,1561097980,39.50,144.0,38.0,1,1,0,34.5
1713027095000,54,23,5,11,1561097980,38.40,300.0,82.0,1,1,0,33.4
1713027095000,54,24,5,9,1561097980,29.90,95.0,30.0,1,1,0,24.9
1713027095000,54,25,5,5,1561097980,35.80,138.0,46.0,1,1,0,30.8
1713027095000,54,26,6,4,1575420030,25.20,202.0,27.0,1,1,0,20.2
1713027095000,54,27,6,10,1575420030,36.00,318.0,34.0,1,1,0,31.0
1713027095000,54,28,6,12,1575420030,25.90,338.0,57.0,1,1,0,20.9
1713027095000,54,29,6,19,1575420030,28.50,119.0,73.0,1,1,0,23.5
1713027095000,54,30,6,24,1575420030,33.10,260.0,7.0,1,1,0,28.1
1713027095000,54,31,6,33,1575420030,27.30,91.0,51.0,1,1,0,22.3
1713027095000,54,32,1,3,1176450050,29.60,262.0,14.0,1,1,0,24.6
1713027095000,54,33,1,8,1176450050,31.50,244.0,56.0,1,1,1,26.5
1713027095000,54,34,1,10,1176450050,22.20,49.0,31.0,1,1,1,17.2
1713027095000,54,35,1,27,1176450050,30.20,188.0,41.0,1,1,1,25.2
1713027095000,54,36,1,28,1176450050,18.40,126.0,18.0,1,1,0,13.4
1713027095000,54,37,1,32,1176450050,24.90,57.0,55.0,1,1,1,19.9
1713027095000,54,38,6,10,1176450050,30.30,318.0,34.0,1,1,0,25.3
1713027095000,54,39,6,12,1176450050,28.20,338.0,57.0,1,1,0,23.2
1713027095000,54,40,6,24,1176450050,24.60,260.0,7.0,1,1,0,19.6
1713027095000,54,41,6,33,1176450050,23.80,91.0,51.0,1,1,0,18.8
1713027095000,54,42,5,21,1176450050,27.50,37.0,44.0,1,1,0,22.5
1713027095000,54,43,5,33,1176450050,29.50,237.0,22.0,0,1,0,24.5
1713027095000,54,44,5,34,1176450050,28.70,160.0,69.0,1,1,0,23.7
1713027095000,54,45,5,39,1176450050,25.20,63.0,27.0,1,1,0,20.2
1713027095000,54,46,5,42,1176450050,23.90,278.0,74.0,1,1,0,18.9
1713027095000,54,47,5,43,1176450050,28.50,309.0,56.0,1,1,0,23.5
1713027095000,54,48,5,21,1575420030,31.00,37.0,44.0,1,1,0,26.0
1713027095000,54,49,5,33,1575420030,25.10,237.0,22.0,1,1,0,20.1
1713027095000,54,50,5,34,1575420030,32.20,160.0,69.0,1,1,0,27.2
1713027095000,54,51,5,39,1575420030,30.00,63.0,27.0,0,1,0,25.0
1713027095000,54,52,5,42,1575420030,37.00,278.0,74.0,1,1,0,32.0
1713027095000,54,53,5,43,1575420030,37.90,309.0,56.0,1,1,0,32.9
1713027096000,56,0,1,2,1575420030,41.90,317.0,34.0,1,1,1,36.9
1713027096000,56,1,1,3,1575420030,40.20,262.0,14.0,1,1,0,35.2
1713027096000,56,2,1,8,1575420030,44.30,244.0,56.0,1,1,1,39.3
1713027096000,56,3,1,10,1575420030,31.60,49.0,31.0,1,1,1,26.6
1713027096000,56,4,1,21,1575420030,40.90,325.0,51.0,1,1,1,35.9
1713027096000,56,5,1,27,1575420030,40.10,188.0,41.0,1,1,1,35.1
1713027096000,56,6,1,28,1575420030,34.10,126.0,18.0,1,1,0,29.1
1713027096000,56,7,1,32,1575420030,38.80,57.0,55.0,1,1,1,33.8
1713027096000,56,8,3,6,1599750020,33.10,231.0,39.0,1,1,0,28.1
1713027096000,56,9,3,5,1602562560,40.30,8.0,65.0,1,1,0,35.3
1713027096000,56,10,3,20,1603124990,27.20,26.0,73.0,1,1,0,22.2
1713027096000,56,11,3,19,1603687550,22.90,131.0,28.0,0,1,0,17.9
1713027096000,56,12,3,21,1604249980,40.60,330.0,22.0,1,1,0,35.6
1713027096000,56,13,3,4,1605374980,19.40,31.0,16.0,0,1,0,14.4
1713027096000,56,14,5,60,1561097980,37.90,116.0,29.0,1,1,0,32.9
1713027096000,56,15,5,43,1561097980,37.40,309.0,56.0,1,1,0,32.4
1713027096000,56,16,5,42,1561097980,46.00,278.0,74.0,1,1,0,41.0
1713027096000,56,17,5,39,1561097980,30.40,63.0,27.0,1,1,0,25.4
1713027096000,56,18,5,34,1561097980,38.70,160.0,69.0,1,1,0,33.7
1713027096000,56,19,5,33,1561097980,31.40,237.0,22.0,1,1,0,26.4
1713027096000,56,20,5,21,1561097980,42.20,37.0,44.0,1,1,0,37.2
1713027096000,56,21,5,16,1561097980,32.50,73.0,28.0,1,1,0,27.5
1713027096000,56,22,5,14,1561097980,42.90,245.0,49.0,1,1,0,37.9
1713027096000,56,23,5,13,1561097980,24.50,69.0,18.0,0,1,0,19.5
1713027096000,56,24,5,12,1561097980,41.90,144.0,38.0,1,1,0,36.9
1713027096000,56,25,5,11,1561097980,41.10,300.0,82.0,1,1,0,36.1
1713027096000,56,26,5,9,1561097980,31.20,95.0,30.0,1,1,0,26.2
1713027096000,56,27,5,5,1561097980,38.80,138.0,46.0,1,1,0,33.8
1713027096000,56,28,6,4,1575420030,26.80,202.0,27.0,1,1,0,21.8
1713027096000,56,29,6,10,1575420030,38.20,318.0,34.0,1,1,0,33.2
1713027096000,56,30,6,12,1575420030,31.30,338.0,57.0,1,1,0,26.3
1713027096000,56,31,6,19,1575420030,31.30,119.0,73.0,1,1,0,26.3
1713027096000,56,32,6,24,1575420030,36.20,260.0,7.0,1,1,0,31.2
1713027096000,56,33,6,33,1575420030,32.40,91.0,51.0,1,1,0,27.4
1713027096000,56,34,1,3,1176450050,31.30,262.0,14.0,1,1,0,26.3
1713027096000,56,35,1,8,1176450050,34.00,244.0,56.0,1,1,1,29.0
1713027096000,56,36,1,10,1176450050,22.40,49.0,31.0,1,1,1,17.4
1713027096000,56,37,1,27,1176450050,31.10,188.0,41.0,1,1,1,26.1
1713027096000,56,38,1,28,1176450050,18.40,126.0,18.0,1,1,0,13.4
1713027096000,56,39,1,32,1176450050,25.00,57.0,55.0,1,1,1,20.0
1713027096000,56,40,6,10,1176450050,30.50,318.0,34.0,1,1,0,25.5
1713027096000,56,41,6,12,1176450050,29.90,338.0,57.0,1,1,0,24.9
1713027096000,56,42,6,24,1176450050,27.40,260.0,7.0,1,1,0,22.4
1713027096000,56,43,6,33,1176450050,25.80,91.0,51.0,1,1,0,20.8
1713027096000,56,44,5,21,1176450050,30.10,37.0,44.0,1,1,0,25.1
1713027096000,56,45,5,33,1176450050,29.90,237.0,22.0,0,1,0,24.9
1713027096000,56,46,5,34,1176450050,29.30,160.0,69.0,1,1,0,24.3
1713027096000,56,47,5,39,1176450050,26.50,63.0,27.0,1,1,0,21.5
1713027096000,56,48,5,42,1176450050,25.90,278.0,74.0,1,1,0,20.9
1713027096000,56,49,5,43,1176450050,31.50,309.0,56.0,1,1,0,26.5
1713027096000,56,50,5,21,1575420030,38.30,37.0,44.0,1,1,0,33.3
1713027096000,56,51,5,33,1575420030,27.60,237.0,22.0,1,1,0,22.6
1713027096000,56,52,5,34,1575420030,36.00,160.0,69.0,1,1,0,31.0
1713027096000,56,53,5,39,1575420030,32.60,63.0,27.0,0,1,0,27.6
1713027096000,56,54,5,42,1575420030,41.10,278.0,74.0,1,1,0,36.1
1713027096000,56,55,5,43,1575420030,39.00,309.0,56.0,1,1,0,34.0
1713027097000,56,0,1,2,1575420030,42.50,317.0,34.0,1,1,1,37.5
1713027097000,56,1,1,3,1575420030,40.50,262.0,14.0,1,1,0,35.5
1713027097000,56,2,1,8,1575420030,45.30,244.0,56.0,1,1,1,40.3
1713027097000,56,3,1,10,1575420030,33.30,49.0,31.0,0,1,1,28.3
1713027097000,56,4,1,21,1575420030,41.40,325.0,51.0,1,1,1,36.4
1713027097000,56,5,1,27,1575420030,40.30,188.0,41.0,1,1,1,35.3
1713027097000,56,6,1,28,1575420030,34.80,126.0,18.0,1,1,0,29.8
1713027097000,56,7,1,32,1575420030,39.00,57.0,55.0,1,1,1,34.0
1713027097000,56,8,3,6,1599750020,33.20,231.0,39.0,1,1,0,28.2
1713027097000,56,9,3,5,1602562560,40.20,8.0,65.0,1,1,0,35.2
1713027097000,56,10,3,20,1603124990,27.40,26.0,73.0,1,1,0,22.4
1713027097000,56,11,3,19,1603687550,27.00,131.0,28.0,0,1,0,22.0
1713027097000,56,12,3,21,1604249980,41.40,330.0,22.0,1,1,0,36.4
1713027097000,56,13,3,4,1605374980,24.40,31.0,16.0,0,1,0,19.4
1713027097000,56,14,5,60,1561097980,39.40,116.0,29.0,1,1,0,34.4
1713027097000,56,15,5,43,1561097980,36.20,309.0,56.0,1,1,0,31.2
1713027097000,56,16,5,42,1561097980,47.20,278.0,74.0,1,1,0,42.2
1713027097000,56,17,5,39,1561097980,30.60,63.0,27.0,1,1,0,25.6
1713027097000,56,18,5,34,1561097980,40.50,160.0,69.0,1,1,0,35.5
1713027097000,56,19,5,33,1561097980,33.90,237.0,22.0,1,1,0,28.9
1713027097000,56,20,5,21,1561097980,43.70,37.0,44.0,1,1,0,38.7
1713027097000,56,21,5,16,1561097980,30.00,73.0,28.0,1,1,0,25.0
1713027097000,56,22,5,14,1561097980,43.90,245.0,49.0,1,1,0,38.9
1713027097000,56,23,5,13,1561097980,27.30,69.0,18.0,0,1,0,22.3
1713027097000,56,24,5,12,1561097980,43.40,144.0,38.0,1,1,0,38.4
1713027097000,56,25,5,11,1561097980,42.30,300.0,82.0,1,1,0,37.3
1713027097000,56,26,5,9,1561097980,32.60,95.0,30.0,1,1,0,27.6
1713027097000,56,27,5,5,1561097980,39.40,138.0,46.0,1,1,0,34.4
1713027097000,56,28,6,4,1575420030,29.50,202.0,27.0,1,1,0,24.5
1713027097000,56,29,6,10,1575420030,39.80,318.0,34.0,1,1,0,34.8
1713027097000,56,30,6,12,1575420030,32.80,338.0,57.0,1,1,0,27.8
1713027097000,56,31,6,19,1575420030,32.90,119.0,73.0,1,1,0,27.9
1713027097000,56,32,6,24,1575420030,37.30,260.0,7.0,1,1,0,32.3
1713027097000,56,33,6,33,1575420030,34.60,91.0,51.0,1,1,0,29.6
1713027097000,56,34,1,3,1176450050,31.00,262.0,14.0,1,1,0,26.0
1713027097000,56,35,1,8,1176450050,34.60,244.0,56.0,1,1,1,29.6
1713027097000,56,36,1,10,1176450050,20.90,49.0,31.0,1,1,1,15.9
1713027097000,56,37,1,27,1176450050,32.20,188.0,41.0,1,1,1,27.2
1713027097000,56,38,1,28,1176450050,19.50,126.0,18.0,1,1,0,14.5
1713027097000,56,39,1,32,1176450050,24.70,57.0,55.0,1,1,1,19.7
1713027097000,56,40,6,10,1176450050,29.90,318.0,34.0,1,1,0,24.9
1713027097000,56,41,6,12,1176450050,29.50,338.0,57.0,1,1,0,24.5
1713027097000,56,42,6,24,1176450050,26.50,260.0,7.0,1,1,0,21.5
1713027097000,56,43,6,33,1176450050,27.80,91.0,51.0,1,1,0,22.8
1713027097000,56,44,5,21,1176450050,32.40,37.0,44.0,1,1,0,27.4
1713027097000,56,45,5,33,1176450050,30.20,237.0,22.0,0,1,0,25.2
1713027097000,56,46,5,34,1176450050,29.80,160.0,69.0,1,1,0,24.8
1713027097000,56,47,5,39,1176450050,26.10,63.0,27.0,1,1,0,21.1
1713027097000,56,48,5,42,1176450050,27.70,278.0,74.0,1,1,0,22.7
1713027097000,56,49,5,43,1176450050,31.50,309.0,56.0,1,1,0,26.5
1713027097000,56,50,5,21,1575420030,40.70,37.0,44.0,1,1,0,35.7
1713027097000,56,51,5,33,1575420030,29.60,237.0,22.0,1,1,0,24.6
1713027097000,56,52,5,34,1575420030,37.00,160.0,69.0,1,1,0,32.0
1713027097000,56,53,5,39,1575420030,35.50,63.0,27.0,0,1,0,30.5
1713027097000,56,54,5,42,1575420030,42.90,278.0,74.0,1,1,0,37.9
1713027097000,56,55,5,43,1575420030,39.70,309.0,56.0,1,1,0,34.7
